Nome da Atividade;Data Proxima seção;Data Primeira seção;Data Ultima seção;Unidade;Categorias;Acesso;Link;Imagem
Poesia Pós Parto: Vivência de Escrita Materna;2026-05-10 12:00;2026-05-10 11:00;2026-05-10 12:00;Casa Verde;;Gratuito;https://www.sescsp.org.br/programacao/poesia-pos-parto-vivencia-de-escrita-materna-2;https://www.sescsp.org.br/wp-content/uploads/2026/04/home.png
Marcenaria Lúdica: Passe Trappe;2026-05-10 13:30;2026-05-10 10:30;2026-05-10 13:30;Casa Verde;Tecnologias e Artes, curso;Gratuito;https://www.sescsp.org.br/programacao/marcenaria-ludica-passe-trappe;https://www.sescsp.org.br/wp-content/uploads/2026/04/Foto-Leonardo-Gallep.png
Poesia Pós Parto: Maternidade em Versos;2026-05-10 15:30;2026-05-10 14:30;2026-05-10 15:30;Casa Verde;;Gratuito;https://www.sescsp.org.br/programacao/poesia-pos-parto-vivencia-de-escrita-materna;https://www.sescsp.org.br/wp-content/uploads/2026/04/divu.png
Banda Bola de Meia;2026-05-10 17:30;2026-05-10 16:00;2026-05-10 17:30;Casa Verde;Música, show;Gratuito;https://www.sescsp.org.br/programacao/banda-bola-de-meia-4;https://www.sescsp.org.br/wp-content/uploads/2026/04/Foto_Rafael-Stedile.png
Jogos de Falar e Ouvir - A Cena Como Espaço de Diálogo e Descoberta;2026-05-12 18:30;2026-05-12 16:00;2026-06-25 18:30;Casa Verde;;Gratuito;https://www.sescsp.org.br/programacao/jogos-de-falar-e-ouvir-a-cena-como-espaco-de-dialogo-e-descoberta;https://www.sescsp.org.br/wp-content/uploads/2026/04/Foto_Hamish-kale.png
AteliArte: Oshi-e;2026-05-13 15:30;2026-05-13 14:30;2026-05-27 15:30;Casa Verde;;Gratuito;https://www.sescsp.org.br/programacao/ateliarte-oshi-e;https://www.sescsp.org.br/wp-content/uploads/2026/04/foto-oshie.png
Quem conta um ponto? Ateliê aberto de bordado: investigações poéticas;2026-05-14 17:30;2026-05-14 14:30;2026-05-28 17:30;Casa Verde;;Gratuito;https://www.sescsp.org.br/programacao/quem-conta-um-ponto-atelie-aberto-de-bordado-investigacoes-poeticas-3;https://www.sescsp.org.br/wp-content/uploads/2026/03/bordado.png
Vitor Casagrande;2026-05-15 17:00;2026-05-15 16:00;2026-05-15 17:00;Casa Verde;;Gratuito;https://www.sescsp.org.br/programacao/vitor-casagrande-3;https://www.sescsp.org.br/wp-content/uploads/2026/04/Divulgg.png
Quatro Elementos Musicalização Para Crianças;2026-05-16 12:30;2026-05-13 15:00;2026-05-23 12:30;Casa Verde;;Gratuito;https://www.sescsp.org.br/programacao/quatro-elementos-musicalizacao-para-criancas;https://www.sescsp.org.br/wp-content/uploads/2026/04/Foto-Florim-Criacao.png
Entre Nós | String art: Arte com Linhas;2026-05-16 13:30;2026-05-09 10:30;2026-05-30 17:30;Casa Verde;Tecnologias e Artes, oficina;Gratuito;https://www.sescsp.org.br/programacao/entre-nos-string-art-arte-com-linhas;https://www.sescsp.org.br/wp-content/uploads/2026/04/Foto-Eric-Rodrigues.png
Fome de quê? Corpo, Emoções e Escolhas Alimentares;2026-05-16 16:00;2026-05-16 15:00;2026-05-16 16:00;Casa Verde;;Gratuito;https://www.sescsp.org.br/programacao/fome-de-que-corpo-emocoes-e-escolhas-alimentares;https://www.sescsp.org.br/wp-content/uploads/2026/04/Guiar.png
Mover para si!;2026-05-16 16:45;2026-05-16 16:00;2026-05-16 16:45;Casa Verde;;Gratuito;https://www.sescsp.org.br/programacao/mover-para-si-2;https://www.sescsp.org.br/wp-content/uploads/2026/04/Foto-Ed.Ogawa_.png
"Oficina ""Florescer o Feminino em Movimento""";2026-05-16 17:30;2026-05-16 10:30;2026-05-16 17:30;Casa Verde;oficina, Pessoas Idosas;Gratuito;https://www.sescsp.org.br/programacao/oficina-florescer-o-feminino-em-movimento;https://www.sescsp.org.br/wp-content/uploads/2026/04/Diii.png
Casa Zen;2026-05-17 11:30;2026-04-26 10:30;2026-05-31 11:30;Casa Verde;Esporte e Atividade Física, aula aberta, vivência;Gratuito;https://www.sescsp.org.br/programacao/casa-zen-pilates-de-solo-3;https://www.sescsp.org.br/wp-content/uploads/2026/01/HOME_Casa.png
Sarau da Abigail;2026-05-17 12:30;2026-05-17 11:30;2026-05-31 12:35;Casa Verde;Crianças, vivência;Gratuito;https://www.sescsp.org.br/programacao/sarau-da-abigail-2;https://www.sescsp.org.br/wp-content/uploads/2026/04/Acervo-Abigail-1.png
Encontro das Águas;2026-05-17 15:30;2026-05-17 14:30;2026-05-17 15:30;Casa Verde;;Gratuito;https://www.sescsp.org.br/programacao/encontro-das-aguas-4;https://www.sescsp.org.br/wp-content/uploads/2026/04/D.png
Aula aberta de Jogos teatrais;2026-05-17 17:30;2026-05-17 15:30;2026-05-17 17:30;Casa Verde;;Gratuito;https://www.sescsp.org.br/programacao/aula-aberta-de-jogos-teatrais;https://www.sescsp.org.br/wp-content/uploads/2026/04/Foto_Hamish-kale.png
"Roda Aberta de Danças Circulares ""Dançando a Natureza: O Corpo como Templo""";2026-05-17 17:30;2026-05-17 16:00;2026-05-17 17:30;Casa Verde;vivência, Pessoas Idosas;Gratuito;https://www.sescsp.org.br/programacao/roda-aberta-de-dancas-circulares-dancando-a-natureza-o-corpo-como-templo;https://www.sescsp.org.br/wp-content/uploads/2026/04/Divull.png
AteliArte: Iniciação ao desenho;2026-05-20 12:30;2026-05-13 10:30;2026-06-24 12:30;Casa Verde;Artes Visuais, oficina;Gratuito;https://www.sescsp.org.br/programacao/ateliarte-iniciacao-ao-desenho-semestre;https://www.sescsp.org.br/wp-content/uploads/2026/04/Acervo.png
Nina Oliveira;2026-05-22 18:30;2026-05-22 17:00;2026-05-22 18:30;Casa Verde;Música, show;Gratuito;https://www.sescsp.org.br/programacao/nina-oliveira-5;https://www.sescsp.org.br/wp-content/uploads/2026/04/Foto_-Matheus-Maia.png
Cunhado de Lobisomem;2026-05-23 19:30;2026-05-23 18:30;2026-05-23 19:30;Casa Verde;Música, show;Gratuito;https://www.sescsp.org.br/programacao/cunhado-de-lobisomem;https://www.sescsp.org.br/wp-content/uploads/2026/04/Foto-Marcos-Muzi.png
Neymar Dias e Claudio Lacerda;2026-05-23 20:00;2026-05-23 18:00;2026-05-23 20:00;Casa Verde;Música, show;Gratuito;https://www.sescsp.org.br/programacao/neymar-dias-e-claudio-lacerda;https://www.sescsp.org.br/wp-content/uploads/2026/04/Foto-Claudio-Lacerda.png
LARP: Peleja dos vivos na noite dos mortos;2026-05-23 20:00;2026-05-23 18:00;2026-05-23 20:00;Casa Verde;vivência, Jovens;Gratuito;https://www.sescsp.org.br/programacao/larp-peleja-dos-vivos-na-noite-dos-mortos;https://www.sescsp.org.br/wp-content/uploads/2026/04/Acervo-Sesc-Bauru.png
Frases sob medida - Ativações poéticas;2026-05-23 20:00;2026-05-23 18:00;2026-05-23 20:00;Casa Verde;Artes Visuais, encontro;Gratuito;https://www.sescsp.org.br/programacao/frases-sob-medida-ativacoes-poeticas;https://www.sescsp.org.br/wp-content/uploads/2026/03/210A8675.png
Orquestra Filarmônica de Violas;2026-05-23 21:30;2026-05-23 20:00;2026-05-23 21:30;Casa Verde;Música, show;Gratuito;https://www.sescsp.org.br/programacao/orquestra-filarmonica-de-violas-3;https://www.sescsp.org.br/wp-content/uploads/2026/04/Foto-Abela-Borghese.png
Adriana Farias trio;2026-05-24 12:30;2026-05-24 11:30;2026-05-24 12:30;Casa Verde;Música, show;Gratuito;https://www.sescsp.org.br/programacao/adriana-farias-trio;https://www.sescsp.org.br/wp-content/uploads/2026/04/Credito_Juliano_Barbosa.png
LARP | Os causos de Piratininga: Uma garoa que povoa;2026-05-24 13:00;2026-05-24 12:00;2026-05-24 13:00;Casa Verde;Crianças, vivência;Gratuito;https://www.sescsp.org.br/programacao/larp-os-causos-de-piratininga-uma-garoa-que-povoa;https://www.sescsp.org.br/wp-content/uploads/2026/04/Foto-Thomaz-Barbeiro.png
Vivência: O Batuque de Umbigada do Oeste Paulista;2026-05-24 13:15;2026-05-24 12:45;2026-05-24 16:00;Casa Verde;Dança, vivência;Gratuito;https://www.sescsp.org.br/programacao/vivencia-o-batuque-de-umbigada-do-oeste-paulista;https://www.sescsp.org.br/wp-content/uploads/2026/04/Foto-Ardian-Lumi.png
A Menina Inezita;2026-05-24 15:20;2026-05-23 15:00;2026-05-24 15:20;Casa Verde;Crianças, espetáculo;Gratuito;https://www.sescsp.org.br/programacao/a-menina-inezita;https://www.sescsp.org.br/wp-content/uploads/2026/04/Acervo-Abigail.png
Brincadeiras de Quintal;2026-05-24 16:00;2026-05-23 18:00;2026-05-24 17:00;Casa Verde;Crianças, vivência;Gratuito;https://www.sescsp.org.br/programacao/brincadeiras-de-quintal-22;https://www.sescsp.org.br/wp-content/uploads/2026/04/Foto-Resat-Kuleli.png
Itamar Assumpção por Juçara Marçal, Suzana Salles e Kiko Dinucci;2026-05-24 17:00;2026-05-24 16:00;2026-05-24 17:00;Casa Verde;Música, show;Gratuito;https://www.sescsp.org.br/programacao/itamar-assumpcao-por-jucara-marcal-suzana-salles-e-kiko-dinucci-2;https://www.sescsp.org.br/wp-content/uploads/2026/04/TRIO-1.png
Juba Valença e o Cortejo do Urso Maluco Beleza;2026-05-26 16:20;2026-05-26 15:00;2026-05-26 16:20;Casa Verde;;Gratuito;https://www.sescsp.org.br/programacao/frevera-bloco-urso-maluco-beleza;https://www.sescsp.org.br/wp-content/uploads/2026/04/Foto-Meyriane-de-Mira.png
"""O Corre também é delas"" - Treino de corrida Feminino";2026-05-27 09:30;2026-05-27 08:00;2026-05-27 09:30;Casa Verde;;Gratuito;https://www.sescsp.org.br/programacao/o-corre-tambem-e-delas-treino-de-corrida-feminino;https://www.sescsp.org.br/wp-content/uploads/2026/04/Foto_Miguel-Amutio.png
Aulas de Ritmos: Salsa;2026-05-27 14:00;2026-05-27 10:30;2026-05-27 18:00;Casa Verde;Esporte e Atividade Física, vivência;Gratuito;https://www.sescsp.org.br/programacao/aulas-de-ritmos-salsa;https://www.sescsp.org.br/wp-content/uploads/2026/04/Dia-do-Desafio-_-Di-1.png
Shuffleboard (Partage Shopping);2026-05-27 17:30;2026-05-27 10:30;2026-05-27 17:30;Casa Verde;;Gratuito;https://www.sescsp.org.br/programacao/shuffleboard-partage-shopping;https://www.sescsp.org.br/wp-content/uploads/2026/04/Divulll.png
Mini golfe na Fábrica de Cultura Vila Nova Cachoeirinha;2026-05-27 17:30;2026-05-27 10:30;2026-05-27 17:30;Casa Verde;Esporte e Atividade Física, vivência;Gratuito;https://www.sescsp.org.br/programacao/mini-golfe-na-fabrica-de-cultura-vila-nova-cachoeirinha;https://www.sescsp.org.br/wp-content/uploads/2026/04/Divuu.png
Basquete em cadeiras de rodas com Magic Hands;2026-05-27 17:30;2026-05-27 16:30;2026-05-27 18:30;Casa Verde;Esporte e Atividade Física, vivência;Gratuito;https://www.sescsp.org.br/programacao/basquete-em-cadeiras-de-rodas-com-magic-hands;https://www.sescsp.org.br/wp-content/uploads/2026/04/Dia-do-Desafio-_-Di-1.png
Vivência de Caiaque com rodas;2026-05-27 18:30;2026-05-27 10:30;2026-05-27 18:30;Casa Verde;Esporte e Atividade Física, vivência;Gratuito;https://www.sescsp.org.br/programacao/vivencia-de-caiaque-com-rodas;https://www.sescsp.org.br/wp-content/uploads/2026/04/Divulgaa.png
Curling de Mesa;2026-05-27 18:30;2026-05-27 10:30;2026-05-27 18:30;Casa Verde;Esporte e Atividade Física, vivência;Gratuito;https://www.sescsp.org.br/programacao/curling-de-mesa-5;https://www.sescsp.org.br/wp-content/uploads/2026/04/Dia-do-Desafio-_-Di-1.png
Corre pra valer! Teste de velocidade em pista com sensores;2026-05-27 18:30;2026-05-27 10:30;2026-05-27 18:30;Casa Verde;Esporte e Atividade Física, vivência;Gratuito;https://www.sescsp.org.br/programacao/corre-pra-valer-teste-de-velocidade-em-pista-com-sensores;https://www.sescsp.org.br/wp-content/uploads/2026/04/Dia-do-Desafio-_-Di-1.png
AyurYoga;2026-05-27 19:00;2026-05-27 11:30;2026-05-27 19:00;Casa Verde;Esporte e Atividade Física, vivência;Gratuito;https://www.sescsp.org.br/programacao/ayuryoga-2;https://www.sescsp.org.br/wp-content/uploads/2026/04/Dia-do-Desafio-_-Di-1.png
Que Som É  Esse?;2026-05-28 15:00;2026-05-28 14:00;2026-05-28 15:00;Casa Verde;Crianças, vivência;Gratuito;https://www.sescsp.org.br/programacao/que-som-e-esse-2;https://www.sescsp.org.br/wp-content/uploads/2026/02/Divu.png
Lab Costura: Ateliê Aberto;2026-05-29 13:30;2026-05-08 10:30;2026-05-29 13:30;Casa Verde;Tecnologias e Artes, oficina;Gratuito;https://www.sescsp.org.br/programacao/lab-costura-atelie-aberto-2;https://www.sescsp.org.br/wp-content/uploads/2026/03/divullll.png
Natureza de Pertinho;2026-05-29 15:00;2026-04-25 14:00;2026-05-29 15:00;Casa Verde;Crianças, vivência;Gratuito;https://www.sescsp.org.br/programacao/natureza-de-pertinho;https://www.sescsp.org.br/wp-content/uploads/2026/03/crianca-e-flor.png
Daniel Daibem Trio;2026-05-29 18:30;2026-05-29 17:00;2026-05-29 18:30;Casa Verde;Música, show;Gratuito;https://www.sescsp.org.br/programacao/daniel-daibem-trio;https://www.sescsp.org.br/wp-content/uploads/2026/04/Dd.png
Coco de Criança - Samba de Coco Para Primeira Infância;2026-05-30 15:00;2026-05-29 14:00;2026-05-30 15:00;Casa Verde;Crianças, oficina;Gratuito;https://www.sescsp.org.br/programacao/coco-de-crianca-samba-de-coco-para-primeira-infancia;https://www.sescsp.org.br/wp-content/uploads/2026/04/Semana-mundial-do-Brincar-_-Divulgacao.png
Jogos Literários e Musicais;2026-05-30 15:30;2026-05-16 14:30;2026-05-30 15:30;Casa Verde;Literatura, vivência;Gratuito;https://www.sescsp.org.br/programacao/jogos-literarios-e-musicais;https://www.sescsp.org.br/wp-content/uploads/2026/04/di.png
Brincadeira de Quintal;2026-05-31 15:00;2026-05-28 10:30;2026-05-31 16:00;Casa Verde;Crianças, vivência;Gratuito;https://www.sescsp.org.br/programacao/brincadeira-de-quintal-16;https://www.sescsp.org.br/wp-content/uploads/2026/04/Semana-mundial-do-Brincar-_-Divulgacao.png
Bate o Pé, Roda o Coco - Show Brincante Para Primeira Infância;2026-05-31 15:30;2026-05-31 14:30;2026-05-31 15:30;Casa Verde;Crianças, espetáculo;Gratuito;https://www.sescsp.org.br/programacao/bate-o-pe-roda-o-coco-show-brincante-para-primeira-infancia;https://www.sescsp.org.br/wp-content/uploads/2026/04/Semana-mundial-do-Brincar-_-Divulgacao.png
Grancirco DuNavô;2026-05-31 17:00;2026-05-30 16:00;2026-05-31 17:00;Casa Verde;Circo, espetáculo;Gratuito;https://www.sescsp.org.br/programacao/grancirco-dunavo-2;https://www.sescsp.org.br/wp-content/uploads/2026/04/Foto-Julio-Leao.png
Vivência Jogos de Destreza;2026-05-31 17:30;2026-05-31 13:30;2026-05-31 17:30;Casa Verde;Tecnologias e Artes, vivência;Gratuito;https://www.sescsp.org.br/programacao/vivencia-jogos-de-destreza;https://www.sescsp.org.br/wp-content/uploads/2026/04/divulgac.png
A medida das coisas;2026-06-05 18:30;2026-04-11 10:00;2026-06-07 18:30;Casa Verde;Artes Visuais, instalação;Gratuito;https://www.sescsp.org.br/programacao/a-medida-das-coisas;https://www.sescsp.org.br/wp-content/uploads/2026/03/Sesc-Casa-Verde_20260414_Espaco-da-Leitura_FT-Rubens-Tamashiro-7.png
Palco de Brincar;2026-06-16 18:00;2026-03-10 17:00;2026-06-16 18:00;Casa Verde;Crianças, curso;Gratuito;https://www.sescsp.org.br/programacao/palco-de-brincar-2;https://www.sescsp.org.br/wp-content/uploads/2026/02/Palco-de-brincar.png
Vivência de Pickleball;2026-06-27 17:30;2026-03-20 10:30;2026-12-30 17:30;Casa Verde;Esporte e Atividade Física, vivência;Gratuito;https://www.sescsp.org.br/programacao/pickleball-sesc-verao-2026;https://www.sescsp.org.br/wp-content/uploads/2025/12/divu_.png
Movimento Consciente;2026-08-06 11:30;2026-04-21 10:30;2026-12-31 11:30;Casa Verde;Esporte e Atividade Física, aula aberta;Gratuito;https://www.sescsp.org.br/programacao/movimento-consciente-20;https://www.sescsp.org.br/wp-content/uploads/2023/11/movimento-consciente.png
Treino Coletivo de Ginástica Multifuncional;2026-10-16 19:00;2025-01-07 10:30;2026-12-31 19:00;Casa Verde;Esporte e Atividade Física, aula aberta;Gratuito;https://www.sescsp.org.br/programacao/treino-coletivo-de-gmf;https://www.sescsp.org.br/wp-content/uploads/2023/11/treino-gmf.png
Joga Comigo!;2026-11-10 17:30;2026-04-21 15:00;2026-12-31 17:30;Casa Verde;Esporte e Atividade Física, vivência;Gratuito;https://www.sescsp.org.br/programacao/joga-comigo-2;https://www.sescsp.org.br/wp-content/uploads/2025/08/Projeto-Redimensionar-imagem.jpeg
Tênis de Mesa;2026-12-18 18:30;2026-01-03 10:30;2026-12-28 18:30;Casa Verde;Esporte e Atividade Física;Gratuito;https://www.sescsp.org.br/programacao/tenis-de-mesa-39;https://www.sescsp.org.br/wp-content/uploads/2024/11/tenis-de-mesa_-divulgacao.png
Vivência de Basquete 3x3;2026-12-30 13:00;2026-03-20 17:30;2026-12-30 13:00;Casa Verde;Esporte e Atividade Física, vivência;Gratuito;https://www.sescsp.org.br/programacao/vivencia-de-basquete-3x3-11;https://www.sescsp.org.br/wp-content/uploads/2026/03/Basquete-1.png
Terreno;2026-05-09 20:00;2026-05-09 20:00;2026-05-09 20:00;Santana;;Pago;https://www.sescsp.org.br/programacao/terreno;https://www.sescsp.org.br/wp-content/uploads/2026/04/export-web-terreno.jpg
Adulto brinca junto!;2026-05-10 12:00;2026-05-03 10:00;2026-05-31 12:00;Santana;Crianças, vivência;Gratuito;https://www.sescsp.org.br/programacao/adulto-brinca-junto;https://www.sescsp.org.br/wp-content/uploads/2026/04/FotoRinaldomartinucci.web_.jpg
A Casa Que Espera;2026-05-10 12:00;2026-05-10 12:00;2026-05-17 12:00;Santana;;Pago;https://www.sescsp.org.br/programacao/a-casa-que-espera-2;https://www.sescsp.org.br/wp-content/uploads/2026/04/A-Casa-que-espera-web.jpg
Incensos naturais;2026-05-10 15:00;2026-05-10 13:00;2026-05-10 15:00;Santana;;Gratuito;https://www.sescsp.org.br/programacao/incensos-naturais-2;https://www.sescsp.org.br/wp-content/uploads/2026/04/Incensos-Naturais.jpg
Furuzufafa Bafafazuru;2026-05-10 17:50;2026-05-10 17:00;2026-05-10 17:50;Santana;;Gratuito;https://www.sescsp.org.br/programacao/furuzufafa-bafafazuru;https://www.sescsp.org.br/wp-content/uploads/2026/04/Furuzufafa-Bafafazuru.jpg
Da lança ao movimento: Maracatu Rural para crianças;2026-05-10 18:00;2026-05-01 16:00;2026-05-10 18:00;Santana;Crianças, vivência;Gratuito;https://www.sescsp.org.br/programacao/da-lanca-ao-movimento-maracatu-rural-para-criancas;https://www.sescsp.org.br/wp-content/uploads/2026/04/Lanca.jpg
Práticas Aquáticas - De 3 a 6 anos;2026-05-12 16:29;2026-02-24 16:30;2026-12-18 16:29;Santana;Esporte e Atividade Física, cursos;Gratuito;https://www.sescsp.org.br/programacao/praticas-aquaticas-de-3-a-6-anos;https://www.sescsp.org.br/wp-content/uploads/2022/01/pratica-aquatica-3.jpg
Saudade;2026-05-15 20:00;2026-05-15 20:00;2026-06-14 18:00;Santana;;Pago;https://www.sescsp.org.br/programacao/saudade-3;https://www.sescsp.org.br/wp-content/uploads/2026/04/Foto.Stephanie.Laura_-1.jpg
Comum a Toda Pessoa: A idade não te define!;2026-05-16 12:30;2026-05-16 10:30;2026-05-16 12:30;Santana;vivência, Pessoas Idosas;Gratuito;https://www.sescsp.org.br/programacao/comum-a-toda-pessoa-a-idade-nao-te-define;https://www.sescsp.org.br/wp-content/uploads/2026/04/Bate-papo-pessoas-idosas.jpg
Super tosco;2026-05-16 12:50;2026-05-16 12:00;2026-05-16 12:50;Santana;Crianças, espetáculo;Gratuito;https://www.sescsp.org.br/programacao/super-tosco-4;https://www.sescsp.org.br/wp-content/uploads/2026/04/Super-Tosco.jpg
Futsal Feminino;2026-05-16 13:00;2026-04-11 10:00;2026-07-25 13:00;Santana;Esporte e Atividade Física;Gratuito;https://www.sescsp.org.br/programacao/festival-esportivo-futsal-feminino;https://www.sescsp.org.br/wp-content/uploads/2025/01/fut-femin-fest.jpg
Giravida;2026-05-16 16:00;2026-05-01 15:00;2026-05-30 16:00;Santana;;Gratuito;https://www.sescsp.org.br/programacao/giravida-7;https://www.sescsp.org.br/wp-content/uploads/2026/04/Foto.Gabriel.de_.Oliveira.jpg
Chim Kung Perfumado;2026-05-17 11:30;2026-05-10 10:30;2026-05-31 11:30;Santana;Esporte e Atividade Física, vivência;Gratuito;https://www.sescsp.org.br/programacao/chim-kung-perfumado;https://www.sescsp.org.br/wp-content/uploads/2026/04/Foto-Jefferson-Litako.jpg
Praça de Esportes;2026-05-17 15:30;2026-05-01 13:00;2026-05-31 15:30;Santana;Crianças, recreação;Gratuito;https://www.sescsp.org.br/programacao/praca-de-esportes-4;https://www.sescsp.org.br/wp-content/uploads/2026/04/DSC_7870.jpg
Relicário de Histórias;2026-05-19 15:00;2026-05-12 14:00;2026-05-21 15:00;Santana;Literatura, contação de histórias;Gratuito;https://www.sescsp.org.br/programacao/relicario-de-historias-5;https://www.sescsp.org.br/wp-content/uploads/2026/04/JPSaraiva__2026-01-15-16-56-15.jpg
Scaratuja;2026-05-20 10:00;2026-05-20 10:00;2026-05-31 12:00;Santana;;Pago;https://www.sescsp.org.br/programacao/scaratuja-11;https://www.sescsp.org.br/wp-content/uploads/2026/04/Foto.Lucas_.jpg
Ateliê Têxtil - Bordado;2026-05-22 12:30;2026-05-01 10:30;2026-05-29 12:30;Santana;Tecnologias e Artes, ateliê aberto;Gratuito;https://www.sescsp.org.br/programacao/atelie-textil;https://www.sescsp.org.br/wp-content/uploads/2025/09/Atelie-Textil-bordado.jpg
Saltimbembe mambembanco;2026-05-23 13:00;2026-05-23 12:00;2026-05-23 13:00;Santana;Crianças, espetáculo;Gratuito;https://www.sescsp.org.br/programacao/saltimbembe-mambembanco;https://www.sescsp.org.br/wp-content/uploads/2026/04/Saltimbembe-mambembanco.jpg
Traquinartes;2026-05-23 18:00;2026-04-04 16:00;2026-06-20 18:00;Santana;Crianças, vivência;Gratuito;https://www.sescsp.org.br/programacao/traquinartes-brincadeiras-de-quintal;https://www.sescsp.org.br/wp-content/uploads/2025/06/Foto-Divulgacao-16.png
Pancs: Os sabores que a gente não conhece;2026-05-24 15:00;2026-05-24 13:00;2026-05-24 15:00;Santana;;Gratuito;https://www.sescsp.org.br/programacao/pancs-os-sabores-que-a-gente-nao-conhece;https://www.sescsp.org.br/wp-content/uploads/2026/04/Pancs.jpg
Ressignificando móveis;2026-05-26 13:00;2026-05-05 10:30;2026-05-26 13:00;Santana;Tecnologias e Artes, curso;Gratuito;https://www.sescsp.org.br/programacao/ressignificando-moveis;https://www.sescsp.org.br/wp-content/uploads/2026/04/IMG_6165_2_1_2026-04-02-10-29-13.jpg
Projetos Livres;2026-05-27 16:00;2026-04-10 14:00;2026-05-29 18:00;Santana;Tecnologias e Artes, ateliê aberto;Gratuito;https://www.sescsp.org.br/programacao/projetos-livres-2;https://www.sescsp.org.br/wp-content/uploads/2026/04/IMG_0321.jpg
As artes do Rosa dos ventos;2026-05-30 13:00;2026-05-30 12:00;2026-05-30 13:00;Santana;Crianças, espetáculo;Gratuito;https://www.sescsp.org.br/programacao/as-artes-do-rosa-dos-ventos-3;https://www.sescsp.org.br/wp-content/uploads/2026/04/Foto_Marcel_Sachett.jpg
Práticas de encontro: caderno de proposições artístico-pedagógicas;2026-05-30 17:00;2026-05-30 15:00;2026-05-30 17:00;Santana;Ações para Cidadania, bate-papo;Gratuito;https://www.sescsp.org.br/programacao/praticas-de-encontro-caderno-de-proposicoes-artistico-pedagogicas;https://www.sescsp.org.br/wp-content/uploads/2026/04/Foto-Renato-Mangolin.jpg
Colagem e poesia;2026-05-30 18:00;2026-05-09 15:00;2026-05-31 18:00;Santana;Tecnologias e Artes, oficina;Gratuito;https://www.sescsp.org.br/programacao/colagem-e-poesia;https://www.sescsp.org.br/wp-content/uploads/2026/04/Web-Colagem-e-Poesia-ajuste-de-nivel.jpg
Da Pena de Fome ao Pena Justa - direito humano à alimentação e sistema prisional;2026-05-30 19:00;2026-05-30 17:30;2026-05-30 19:00;Santana;Ações para Cidadania, bate-papo;Gratuito;https://www.sescsp.org.br/programacao/da-pena-de-fome-ao-pena-justa-direito-humano-a-alimentacao-e-sistema-prisional;https://www.sescsp.org.br/wp-content/uploads/2026/04/direitos-humanos.jpg
Assombrinho;2026-05-31 17:00;2026-05-10 15:00;2026-05-31 17:00;Santana;Crianças, vivência;Gratuito;https://www.sescsp.org.br/programacao/assombrinho-9;https://www.sescsp.org.br/wp-content/uploads/2026/04/Foto-Fabio-Zerloti.jpg
Da brincadeira ao personagem: Cavalo Marinho para crianças;2026-05-31 18:00;2026-05-17 16:00;2026-05-31 18:00;Santana;Crianças, vivência;Gratuito;https://www.sescsp.org.br/programacao/da-brincadeira-ao-personagem-cavalo-marinho-para-criancas;https://www.sescsp.org.br/wp-content/uploads/2026/04/Fernando-Barroso.jpg
Juventudes;2026-06-09 19:00;2026-01-13 17:00;2026-12-01 19:00;Santana;curso, Jovens;Gratuito;https://www.sescsp.org.br/programacao/juventudes-11;https://www.sescsp.org.br/wp-content/uploads/2024/04/juventudes.jpg
Bolsas em Tear;2026-06-10 12:30;2026-05-06 10:30;2026-06-24 12:30;Santana;Tecnologias e Artes, curso;Gratuito;https://www.sescsp.org.br/programacao/bolsas-em-tear;https://www.sescsp.org.br/wp-content/uploads/2026/04/Banner-Site-Sesc.jpg-Bolsa-em-Tear.jpg
Tecer Comunitário;2026-06-10 16:00;2026-05-06 14:00;2026-06-18 17:00;Santana;Tecnologias e Artes, vivência;Gratuito;https://www.sescsp.org.br/programacao/tecer-comunitario-2;https://www.sescsp.org.br/wp-content/uploads/2026/04/Tecer-Comunitario-web-export.jpg
Vôlei Jovem;2026-06-13 18:00;2026-05-02 15:30;2026-06-27 18:00;Santana;Jovens;Gratuito;https://www.sescsp.org.br/programacao/volei-jovem-2;https://www.sescsp.org.br/wp-content/uploads/2026/04/DSC_2115.jpg
Tênis de Mesa;2026-06-18 18:00;2026-01-23 19:48;2026-06-30 18:00;Santana;Esporte e Atividade Física, recreação;Gratuito;https://www.sescsp.org.br/programacao/recreacao-tenis-de-mesa-2;https://www.sescsp.org.br/wp-content/uploads/2022/08/260110-aline_capobianco-4.jpg
Feira de troca BiblioSesc;2026-06-21 17:30;2026-03-01 13:30;2026-08-23 17:30;Santana;Literatura, vivência;Gratuito;https://www.sescsp.org.br/programacao/feira-de-troca-bibliosesc;https://www.sescsp.org.br/wp-content/uploads/2024/12/troca-de-livros.jpg
Ginástica Multifuncional;2026-06-24 20:16;2026-01-23 20:16;2026-12-27 20:16;Santana;Esporte e Atividade Física, ginástica multifuncional;Gratuito;https://www.sescsp.org.br/programacao/ginastica-multifuncional-santana;https://www.sescsp.org.br/wp-content/uploads/2021/12/gmf.png
Traquinartes;2026-06-27 18:00;2026-04-04 16:00;2026-06-27 18:00;Santana;Crianças, vivência;Gratuito;https://www.sescsp.org.br/programacao/traquinartes-verao;https://www.sescsp.org.br/wp-content/uploads/2022/12/traquinartes-verao.jpg
Paisagens naturais e cultura em São Luiz do Paraitinga;2026-06-27 20:00;2026-06-26 07:00;2026-06-28 20:00;Santana;;Gratuito;https://www.sescsp.org.br/programacao/paisagens-naturais-e-cultura-em-sao-luiz-do-paraitinga;https://www.sescsp.org.br/wp-content/uploads/2026/04/sao-luiz.jpg
Esporte Adulto - Vôlei;2026-07-07 00:00;2026-02-03 20:00;2026-12-17 00:00;Santana;Esporte e Atividade Física;Gratuito;https://www.sescsp.org.br/programacao/esporte-adulto-volei-10;https://www.sescsp.org.br/wp-content/uploads/2026/01/DSC_2132.jpg
Práticas Aquáticas - De 6 a 12 anos;2026-07-09 09:20;2026-02-24 16:38;2026-12-18 09:20;Santana;Esporte e Atividade Física, cursos;Gratuito;https://www.sescsp.org.br/programacao/praticas-aquaticas-de-6-a-12-anos;https://www.sescsp.org.br/wp-content/uploads/2022/01/pratica-aquatica-6.jpg
BiblioSesc | Santana;2026-07-22 15:00;2026-02-03 17:22;2026-10-30 15:00;Santana;Literatura, bibliotecas;Gratuito;https://www.sescsp.org.br/programacao/bibliosesc-santana;https://www.sescsp.org.br/wp-content/uploads/2022/01/bibliosesc.jpg
Curumim;2026-07-23 00:00;2026-02-02 21:09;2026-11-30 00:00;Santana;Ações para Cidadania, para crianças;Gratuito;https://www.sescsp.org.br/programacao/curumim-19;https://www.sescsp.org.br/wp-content/uploads/2026/01/Curumim_Ginasio_Agosto_2023_Marcello-Ferreira-4-1.jpg
Esporte Adulto - Iniciação à Corrida;2026-09-10 00:00;2026-02-03 17:41;2026-12-12 00:00;Santana;Esporte e Atividade Física;Gratuito;https://www.sescsp.org.br/programacao/esporte-adulto-iniciacao-a-corrida-2;https://www.sescsp.org.br/wp-content/uploads/2026/01/IMG_4974.jpg
Práticas Aquáticas - A partir de 12 anos;2026-09-29 21:20;2026-02-24 08:30;2026-12-18 21:20;Santana;Esporte e Atividade Física, cursos;Gratuito;https://www.sescsp.org.br/programacao/praticas-aquaticas-santana;https://www.sescsp.org.br/wp-content/uploads/2022/01/Praticas-Aquaticas.jpg
Plantão de dúvidas: Bê-a-bá digital;2026-09-30 21:30;2026-04-01 19:30;2026-12-16 21:30;Santana;Tecnologias e Artes, aula aberta;Gratuito;https://www.sescsp.org.br/programacao/plantao-de-duvidas-be-a-ba-digital;https://www.sescsp.org.br/wp-content/uploads/2022/11/IMG_7833.jpg
Condicionamento Físico Aquático;2026-10-09 20:31;2026-02-03 20:31;2026-12-11 20:31;Santana;Esporte e Atividade Física, cursos;Gratuito;https://www.sescsp.org.br/programacao/condicionamento-fisico-aquatico-3;https://www.sescsp.org.br/wp-content/uploads/2022/01/Condicionamento-Fisico-Aquatico.jpg
Vôlei para Pessoas Idosas;2026-10-15 15:30;2026-05-05 14:30;2026-12-18 11:30;Santana;Esporte e Atividade Física, recreação, Pessoas Idosas;Gratuito;https://www.sescsp.org.br/programacao/recreacao-orientada-de-volei-adaptado-60;https://www.sescsp.org.br/wp-content/uploads/2023/03/volei-idosos.jpg
Espaço de Brincar;2026-12-09 18:00;2026-04-16 10:00;2026-12-23 18:00;Santana;Crianças, vivência;Gratuito;https://www.sescsp.org.br/programacao/espaco-de-brincar-12;https://www.sescsp.org.br/wp-content/uploads/2022/11/espaco-brincar1.png
Nosso Baile;2026-05-09 20:00;2026-05-09 20:00;2026-05-10 18:00;Consolação;;Pago;https://www.sescsp.org.br/programacao/nosso-baile;https://www.sescsp.org.br/wp-content/uploads/2026/04/Design-sem-nome-30.png
Atelierê: Na Palma, no Pé, o Toque;2026-05-10 16:30;2026-05-10 14:30;2026-05-10 16:30;Consolação;Tecnologias e Artes, oficina;Gratuito;https://www.sescsp.org.br/programacao/ateliere-na-palma-no-pe-o-toque;https://www.sescsp.org.br/wp-content/uploads/2026/04/Foto-Andressa-Nishiyama.png
Jóias Têxteis;2026-05-12 13:00;2026-04-28 10:00;2026-05-12 13:00;Consolação;;Gratuito;https://www.sescsp.org.br/programacao/joias-texteis;https://www.sescsp.org.br/wp-content/uploads/2026/03/Foto-Andressa-Nishiyama.png
Ateliê Autônomo de Tecnologias e Artes;2026-05-12 17:45;2026-04-11 14:30;2026-07-28 17:45;Consolação;;Gratuito;https://www.sescsp.org.br/programacao/atelie-autonomo-de-tecnologias-e-artes;https://www.sescsp.org.br/wp-content/uploads/2026/03/YBoy_ETA_ALTA_2025-09-30-18-22-1.jpg
Batuque Negro;2026-05-12 19:00;2026-05-12 19:00;2026-05-12 19:00;Consolação;;Pago;https://www.sescsp.org.br/programacao/batuque-negro-4;https://www.sescsp.org.br/wp-content/uploads/2026/04/Foto_Divulgacao.png
LivrETA recebe Marcelo da Silva Antunes;2026-05-12 21:00;2026-03-10 19:00;2026-05-12 21:00;Consolação;Literatura, curso;Gratuito;https://www.sescsp.org.br/programacao/livreta-recebe-marcelo-da-silva-antunes;https://www.sescsp.org.br/wp-content/uploads/2026/02/marcelo_da_silva_antunes_creditos_acervo_pessoal_2025-11-25-21-57-3.png
Movimento Consciente;2026-05-13 08:50;2025-01-16 19:30;2026-12-30 21:20;Consolação;Esporte e Atividade Física, outras práticas corporais;Gratuito;https://www.sescsp.org.br/programacao/movimento-consciente-29;https://www.sescsp.org.br/wp-content/uploads/2024/03/800x400-2-2.png
Encontros bordados: entre pesquisa e prática;2026-05-13 12:30;2026-03-04 10:30;2026-05-13 12:30;Consolação;;Gratuito;https://www.sescsp.org.br/programacao/encontros-bordados-entre-pesquisa-e-pratica;https://www.sescsp.org.br/wp-content/uploads/2026/02/IMG_1176_2026-02-25-11-18-58.jpg
Corporeidades Ballroom;2026-05-13 17:00;2026-05-05 14:00;2026-05-21 17:00;Consolação;Dança, curso;Gratuito;https://www.sescsp.org.br/programacao/corporeidades-ballroom;https://www.sescsp.org.br/wp-content/uploads/2026/04/Foto-Guga-Ferreira.png
Anos Dourados;2026-05-13 21:30;2026-05-13 19:00;2026-05-13 21:30;Consolação;;Gratuito;https://www.sescsp.org.br/programacao/anos-dourados-2;https://www.sescsp.org.br/wp-content/uploads/2026/04/Foto-Filmes-Pari.png
Primeiros Pontos: Costura para iniciantes;2026-05-13 21:30;2026-04-08 19:30;2026-05-27 21:30;Consolação;;Gratuito;https://www.sescsp.org.br/programacao/primeiros-pontos-costura-para-iniciantes;https://www.sescsp.org.br/wp-content/uploads/2026/02/Midia_14_2026-02-24-19-07-55.jpeg
Canto;2026-05-13 21:30;2026-03-18 19:45;2026-06-24 21:30;Consolação;Música, show;Gratuito;https://www.sescsp.org.br/programacao/canto;https://www.sescsp.org.br/wp-content/uploads/2023/02/800x400-3.png
Curumim;2026-05-14 12:00;2026-03-03 08:30;2026-12-24 12:00;Consolação;Crianças, curumim;Gratuito;https://www.sescsp.org.br/programacao/curumim-8;https://www.sescsp.org.br/wp-content/uploads/2022/04/Design-sem-nome-13.png
EU NÃO SOU SÓ EU EM MIM - Estado de natureza - procedimento 01;2026-05-15 20:00;2026-05-15 20:00;2026-05-15 20:00;Consolação;;Pago;https://www.sescsp.org.br/programacao/eu-nao-sou-so-eu-em-mim-estado-de-natureza-procedimento-01-5;https://www.sescsp.org.br/wp-content/uploads/2026/04/Foto-Cristiano-Prim.png
Esporte Adulto - Futsal Masculino;2026-05-15 21:20;2026-03-18 20:00;2026-12-30 21:20;Consolação;Esporte e Atividade Física, recreação;Gratuito;https://www.sescsp.org.br/programacao/esporte-adulto-futsal-masculino-6;https://www.sescsp.org.br/wp-content/uploads/2024/03/800x400-1-2.png
Prática Vocal;2026-05-15 21:30;2026-03-20 18:30;2026-06-26 21:30;Consolação;Música, curso;Gratuito;https://www.sescsp.org.br/programacao/pratica-vocal-o-abre-alas-que-elas-querem-passar-mulheres-no-samba-e-no-choro;https://www.sescsp.org.br/wp-content/uploads/2024/03/Solange_Assumpcao_1Brincadeiras_musicadas___Foto_Carime_Elmor_2023-12-28-13-56-38.jpg
Planeta Pelucia;2026-05-16 11:00;2026-05-16 11:00;2026-05-16 11:00;Consolação;;Pago;https://www.sescsp.org.br/programacao/planeta-pelucia-2;https://www.sescsp.org.br/wp-content/uploads/2026/03/05_PLANETA-PELUCIA_FOTO_Camila-Rivereto.jpg
Planeta Pelúcia;2026-05-16 11:00;2026-05-16 11:00;2026-05-23 11:00;Consolação;;Pago;https://www.sescsp.org.br/programacao/planeta-pelucia;https://www.sescsp.org.br/wp-content/uploads/2026/03/05_PLANETA-PELUCIA_FOTO_Camila-Rivereto.jpg
Práticas Aquáticas | Aprendendo a Nadar;2026-05-16 11:30;2026-05-09 10:15;2026-06-27 11:30;Consolação;;Gratuito;https://www.sescsp.org.br/programacao/praticas-aquaticas-aprendendo-a-nadar-3;https://www.sescsp.org.br/wp-content/uploads/2026/05/NadoArtistico_FT_GeysaBernardes.jpg
Violino para Crianças;2026-05-16 12:30;2026-03-21 10:30;2026-06-27 12:30;Consolação;Música, curso;Gratuito;https://www.sescsp.org.br/programacao/violino-para-criancas-2;https://www.sescsp.org.br/wp-content/uploads/2026/02/Foto-Divulgacao-2.png
Dança Moderna;2026-05-16 16:00;2026-05-02 14:30;2026-05-30 16:00;Consolação;;Gratuito;https://www.sescsp.org.br/programacao/danca-moderna;https://www.sescsp.org.br/wp-content/uploads/2026/05/Foto_Vitoria_Andregueti-1.png
O Gato Malhado e a Andorinha Sinhá;2026-05-16 17:00;2026-05-09 16:00;2026-05-16 17:00;Consolação;;Gratuito;https://www.sescsp.org.br/programacao/o-gato-malhado-e-a-andorinha-sinha-13;https://www.sescsp.org.br/wp-content/uploads/2026/04/Foto-Elisa-Mendes.png
EU NÃO SOU SÓ EU EM MIM - Estado de natureza - procedimento 01;2026-05-16 20:00;2026-05-16 20:00;2026-05-17 18:00;Consolação;;Pago;https://www.sescsp.org.br/programacao/eu-nao-sou-so-eu-em-mim;https://www.sescsp.org.br/wp-content/uploads/2026/04/Foto-Cristiano-Prim.png
Desenhar o Reino Vegetal;2026-05-17 12:30;2026-05-17 10:30;2026-05-31 12:30;Consolação;;Gratuito;https://www.sescsp.org.br/programacao/desenhar-o-reino-vegetal;https://www.sescsp.org.br/wp-content/uploads/2026/05/fabio-mendes.jpg
A Mensagem de Jequi;2026-05-17 12:30;2026-05-10 11:00;2026-05-24 12:30;Consolação;Cinema e Vídeo, exibição, para crianças;Gratuito;https://www.sescsp.org.br/programacao/a-mensagem-de-jequi-3;https://www.sescsp.org.br/wp-content/uploads/2026/04/Foto-Ao-Vento-Filmes.png
Placa-Mãe;2026-05-17 12:30;2026-05-03 11:00;2026-05-31 12:30;Consolação;;Gratuito;https://www.sescsp.org.br/programacao/placa-mae-8;https://www.sescsp.org.br/wp-content/uploads/2026/04/Foto-O2-Play.png
Alana Ananias;2026-05-19 19:00;2026-05-19 19:00;2026-05-19 19:00;Consolação;;Pago;https://www.sescsp.org.br/programacao/alana-ananias;https://www.sescsp.org.br/wp-content/uploads/2026/04/Foto_JosedeHolanda.png
No Passo do Charme;2026-05-19 21:00;2026-05-19 19:00;2026-05-22 21:00;Consolação;;Gratuito;https://www.sescsp.org.br/programacao/no-passo-do-charme;https://www.sescsp.org.br/wp-content/uploads/2026/05/no-passo-do-charme-luizjrofficial.jpg
Esporte Criança - 3 a 6 anos;2026-05-20 09:50;2026-03-18 09:00;2026-12-30 18:20;Consolação;Esporte e Atividade Física, esporte criança (3 a 6);Gratuito;https://www.sescsp.org.br/programacao/esporte-crianca-3-a-6-anos-14;https://www.sescsp.org.br/wp-content/uploads/2025/01/Foto-Michele-Mifano.png
Mulheres 60+ Corpo Saudável, Mente Feliz;2026-05-20 15:30;2026-05-08 14:00;2026-06-03 15:30;Consolação;;Gratuito;https://www.sescsp.org.br/programacao/mulheres-60-corpo-saudavel-mente-feliz;https://www.sescsp.org.br/wp-content/uploads/2026/05/yoga-01.jpg
Taekwondo para Mulheres;2026-05-20 20:30;2026-04-01 19:30;2026-05-27 20:30;Consolação;;Gratuito;https://www.sescsp.org.br/programacao/taekwondo-para-mulheres;https://www.sescsp.org.br/wp-content/uploads/2026/03/08_12_2018___@photobyevee1_2026-03-22-12-07-3.jpg
Todas as Estradas de Terra têm Gosto de Sal;2026-05-20 21:30;2026-05-20 19:00;2026-05-20 21:30;Consolação;;Gratuito;https://www.sescsp.org.br/programacao/todas-as-estradas-de-terra-tem-gosto-de-sal-4;https://www.sescsp.org.br/wp-content/uploads/2026/05/Foto_Pandora_Filmes.png
Voz 60+;2026-05-21 16:00;2026-03-19 14:00;2026-06-25 16:00;Consolação;Música, curso, Pessoas Idosas;Gratuito;https://www.sescsp.org.br/programacao/voz-60-meu-mundo-e-hoje;https://www.sescsp.org.br/wp-content/uploads/2024/02/800x400-6-2.png
Ilessi E Marcelo Galter;2026-05-21 20:00;2026-05-21 20:00;2026-05-22 20:00;Consolação;;Pago;https://www.sescsp.org.br/programacao/ilessi-e-marcelo-galter;https://www.sescsp.org.br/wp-content/uploads/2026/04/Foto_Joao_Atala.png
Visual em Foco: Corpo, Movimento e Cena na Libras;2026-05-21 21:30;2026-05-12 18:30;2026-05-28 21:30;Consolação;Teatro, curso;Gratuito;https://www.sescsp.org.br/programacao/visual-em-foco-corpo-movimento-e-cena-na-libras;https://www.sescsp.org.br/wp-content/uploads/2026/04/800x400-1.png
Pesquisas e práticas em xilogravura;2026-05-21 21:30;2026-04-02 19:30;2026-05-21 21:30;Consolação;;Gratuito;https://www.sescsp.org.br/programacao/pesquisas-e-praticas-em-xilogravura;https://www.sescsp.org.br/wp-content/uploads/2026/02/Midia_13_2026-02-24-19-08-52.jpeg
Gravidade e Modos de Controle do Movimento;2026-05-22 16:00;2026-05-19 14:00;2026-05-22 16:00;Consolação;;Gratuito;https://www.sescsp.org.br/programacao/gravidade-e-modos-de-controle-do-movimento;https://www.sescsp.org.br/wp-content/uploads/2026/05/Foto-Divulgacao-1.png
Vem dançar - Tango;2026-05-22 16:30;2026-05-08 15:00;2026-05-29 16:30;Consolação;;Gratuito;https://www.sescsp.org.br/programacao/vem-dancar-tango;https://www.sescsp.org.br/wp-content/uploads/2026/05/danca-tango.jpg
Esporte Adulto – Clube do Vôlei;2026-05-22 21:20;2026-03-20 20:00;2026-12-30 21:20;Consolação;Esporte e Atividade Física, esporte adulto (16+);Gratuito;https://www.sescsp.org.br/programacao/esporte-adulto-clube-do-volei;https://www.sescsp.org.br/wp-content/uploads/2022/01/clube-volei-sesc-consolacao-gratis.jpg
Prática Coletiva de Cordas;2026-05-22 21:30;2026-03-20 18:30;2026-06-26 21:30;Consolação;Música, curso;Gratuito;https://www.sescsp.org.br/programacao/teste-para-o-curso-pratica-coletiva-de-cordas;https://www.sescsp.org.br/wp-content/uploads/2023/08/Prática-coletiva-de-cordas.jpg
Treinando longas distâncias;2026-05-23 17:00;2026-05-09 15:30;2026-06-27 17:00;Consolação;;Gratuito;https://www.sescsp.org.br/programacao/treinando-longas-distancias-2;https://www.sescsp.org.br/wp-content/uploads/2026/05/natacao.jpg
Miçangas: Tradições Ameríndias e de Axé;2026-05-23 17:30;2026-05-09 14:30;2026-05-30 17:30;Consolação;;Gratuito;https://www.sescsp.org.br/programacao/micangas-tradicoes-amerindias-e-de-axe;https://www.sescsp.org.br/wp-content/uploads/2026/05/Foto-Crioulla-Oliveira.png
Jaloo;2026-05-23 20:00;2026-05-23 20:00;2026-05-23 23:00;Consolação;;Pago;https://www.sescsp.org.br/programacao/jaloo-9;https://www.sescsp.org.br/wp-content/uploads/2026/04/Foto_Caia_Ramalho.png
Baile Charme do Viaduto de Madureira;2026-05-23 20:00;2026-05-23 18:00;2026-05-23 20:00;Consolação;;Gratuito;https://www.sescsp.org.br/programacao/baile-charme-do-viaduto-de-madureira-3;https://www.sescsp.org.br/wp-content/uploads/2026/05/Fotodivulgacao.png
Brasil para Todes KikiBall;2026-05-23 23:00;2026-05-23 21:00;2026-05-23 23:00;Consolação;;Gratuito;https://www.sescsp.org.br/programacao/brasil-para-todes-kikiball;https://www.sescsp.org.br/wp-content/uploads/2026/05/Foto_divulgacao.png
Triatlo | Técnicas de Treino;2026-05-24 11:45;2026-05-10 10:15;2026-06-28 11:45;Consolação;;Gratuito;https://www.sescsp.org.br/programacao/triatlo-tecnicas-de-treino-2;https://www.sescsp.org.br/wp-content/uploads/2026/05/triatlo_Marina_Magalhaes.jpg
Percussão Neon na BioBall;2026-05-24 12:00;2026-05-24 11:00;2026-05-24 12:00;Consolação;;Gratuito;https://www.sescsp.org.br/programacao/percussao-neon-na-bioball;https://www.sescsp.org.br/wp-content/uploads/2026/05/Foto_Divulgacao-1.png
Movimento Brasil Axé 90;2026-05-24 13:00;2026-05-24 12:00;2026-05-24 13:00;Consolação;;Gratuito;https://www.sescsp.org.br/programacao/movimento-brasil-axe-90;https://www.sescsp.org.br/wp-content/uploads/2026/05/Foto_divulgacao-2.png
Bakulu: Zumbiido Afropercussivo;2026-05-24 14:00;2026-05-24 13:00;2026-05-24 14:00;Consolação;;Gratuito;https://www.sescsp.org.br/programacao/bakulu-zumbiido-afropercussivo;https://www.sescsp.org.br/wp-content/uploads/2026/05/Foto_Guigo-Gerber.png
Jam Infantil;2026-05-24 16:00;2026-05-24 15:00;2026-05-24 16:00;Consolação;;Gratuito;https://www.sescsp.org.br/programacao/jam-infantil-5;https://www.sescsp.org.br/wp-content/uploads/2026/05/Foto-Luiza-Meneghetti.png
Tiquequê;2026-05-24 16:00;2026-05-24 16:00;2026-05-24 16:00;Consolação;;Pago;https://www.sescsp.org.br/programacao/tiqueque-18;https://www.sescsp.org.br/wp-content/uploads/2026/04/TIQUEQUE-SHOW-COLECOES_1_CRED-NINA-JACOBI.png
"Cine Concerto: ""A História sem Fim"", com o trio Ema Stoned";2026-05-24 18:00;2026-05-24 18:00;2026-05-24 18:00;Consolação;;Pago;https://www.sescsp.org.br/programacao/cine-concerto-a-historia-sem-fim-com-o-trio-ema-stoned;https://www.sescsp.org.br/wp-content/uploads/2026/04/a_never_ending_story_creditos_warner_bros_.png
Fábio Leandro;2026-05-26 19:00;2026-05-26 19:00;2026-05-26 19:00;Consolação;;Pago;https://www.sescsp.org.br/programacao/fabio-leandro;https://www.sescsp.org.br/wp-content/uploads/2026/04/Foto_divulgacao-1.png
Violoncelo - Iniciantes;2026-05-26 20:10;2026-03-17 18:30;2026-06-25 20:10;Consolação;Música, curso;Gratuito;https://www.sescsp.org.br/programacao/violoncelo-para-iniciantes-2;https://www.sescsp.org.br/wp-content/uploads/2023/08/Violoncelo-2.jpg
Jogando Com Atleta | Tênis De Mesa;2026-05-27 14:30;2026-05-27 11:30;2026-05-27 14:30;Consolação;;Gratuito;https://www.sescsp.org.br/programacao/jogando-com-atleta-tenis-de-mesa-4;https://www.sescsp.org.br/wp-content/uploads/2024/09/800x400-7.png
Estruturação e Percepção Musical;2026-05-27 16:00;2026-03-18 14:00;2026-06-24 16:00;Consolação;Música, curso;Gratuito;https://www.sescsp.org.br/programacao/estruturacao-e-percepcao-musical;https://www.sescsp.org.br/wp-content/uploads/2025/09/Foto-Marina-Magalhaes.png
Skate e Paraskate;2026-05-27 17:00;2026-05-26 10:00;2026-06-03 17:00;Consolação;;Gratuito;https://www.sescsp.org.br/programacao/skate-e-paraskate-5;https://www.sescsp.org.br/wp-content/uploads/2026/05/skate-e-paraskate3.jpg
Maratona de Ritmos;2026-05-27 17:00;2026-05-27 15:00;2026-05-27 17:00;Consolação;;Gratuito;https://www.sescsp.org.br/programacao/maratona-de-ritmos-4;https://www.sescsp.org.br/wp-content/uploads/2026/05/pat_muniz.jpg
Vem Dançar | Baile da Ira;2026-05-27 17:00;2026-05-27 15:00;2026-05-27 17:00;Consolação;;Gratuito;https://www.sescsp.org.br/programacao/vem-dancar-baile-da-ira;https://www.sescsp.org.br/wp-content/uploads/2026/04/Foto-Irae-Garcia-Freire.png
Parkour;2026-05-27 17:00;2026-05-27 10:00;2026-05-27 17:00;Consolação;Esporte e Atividade Física, vivência;Gratuito;https://www.sescsp.org.br/programacao/parkour-25;https://www.sescsp.org.br/wp-content/uploads/2026/04/Foto-SP.png
É Dia de Feira!;2026-05-27 17:00;2026-04-08 11:00;2026-06-17 17:00;Consolação;Ações para Cidadania, para todos os públicos;Gratuito;https://www.sescsp.org.br/programacao/e-dia-de-feira-2;https://www.sescsp.org.br/wp-content/uploads/2026/03/Design-sem-nome-4.jpg
Yoga no Parque Augusta;2026-05-27 17:20;2026-05-27 16:30;2026-05-27 17:20;Consolação;;Gratuito;https://www.sescsp.org.br/programacao/yoga-no-parque-augusta;https://www.sescsp.org.br/wp-content/uploads/2025/04/Imagem-para-o-portal-92.png
Giro Cultural - Histórias e Vozes Silenciadas;2026-05-27 18:00;2026-04-01 15:00;2026-06-24 18:00;Consolação;Jovens;Gratuito;https://www.sescsp.org.br/programacao/giro-cultural-historias-e-vozes-silenciadas;https://www.sescsp.org.br/wp-content/uploads/2026/03/DSC_01351_2026-03-17-17-49-04.jpg
Nadando com estilo;2026-05-27 19:00;2026-05-27 16:30;2026-05-27 19:00;Consolação;;Gratuito;https://www.sescsp.org.br/programacao/nadando-com-estilo-2;https://www.sescsp.org.br/wp-content/uploads/2026/05/Esthefany.jpg
Caminhada entre Ruas e Histórias;2026-05-27 20:00;2026-05-27 18:00;2026-05-27 20:00;Consolação;;Gratuito;https://www.sescsp.org.br/programacao/caminhada-entre-ruas-e-historias;https://www.sescsp.org.br/wp-content/uploads/2026/05/caminha-02.jpg
Encontro Esportivo | Basquete, Futsal e Voleibol;2026-05-27 21:00;2026-05-27 19:00;2026-05-27 21:00;Consolação;;Gratuito;https://www.sescsp.org.br/programacao/encontro-esportivo-basquete-futsal-e-voleibol;https://www.sescsp.org.br/wp-content/uploads/2026/05/atletas-01.gif
Corrida no Minhocão (Elevado Presidente João Goulart);2026-05-27 21:00;2026-05-27 20:00;2026-05-27 21:00;Consolação;;Gratuito;https://www.sescsp.org.br/programacao/corrida-no-minhocao-elevado-presidente-joao-goulart;https://www.sescsp.org.br/wp-content/uploads/2026/05/corridaMinhocao.jpg
Corrida Virtual | 3k e 5k;2026-05-27 21:00;2026-05-27 07:00;2026-05-27 21:00;Consolação;Esporte e Atividade Física, corrida, torneios e campeonatos;Gratuito;https://www.sescsp.org.br/programacao/corrida-virtual-3k-e-5k;https://www.sescsp.org.br/wp-content/uploads/2026/04/Foto-Divulgacao-3.png
Black Tea - O Aroma do Amor;2026-05-27 21:30;2026-05-27 19:00;2026-05-27 21:30;Consolação;;Gratuito;https://www.sescsp.org.br/programacao/black-tea-o-aroma-do-amor-4;https://www.sescsp.org.br/wp-content/uploads/2026/05/Foto_Creditos_Imovision.png
Calistenia;2026-05-28 18:00;2026-05-27 17:00;2026-05-29 20:00;Consolação;;Gratuito;https://www.sescsp.org.br/programacao/calistenia-25;https://www.sescsp.org.br/wp-content/uploads/2026/05/calistenia-01.jpg
Contrabaixo Acústico - Iniciante;2026-05-28 20:10;2026-03-17 18:30;2026-06-25 20:10;Consolação;Música, curso;Gratuito;https://www.sescsp.org.br/programacao/contrabaixo-acustico-para-iniciantes-2;https://www.sescsp.org.br/wp-content/uploads/2023/08/Contrabaixo.jpg
Estalo!;2026-05-29 20:00;2026-05-29 20:00;2026-05-31 18:00;Consolação;;Pago;https://www.sescsp.org.br/programacao/estalo-4;https://www.sescsp.org.br/wp-content/uploads/2026/04/Foto-Divulgacao-2-1.png
Clínicas de Lutas | Muay Thai;2026-05-30 12:00;2026-05-02 10:30;2026-05-30 12:00;Consolação;;Gratuito;https://www.sescsp.org.br/programacao/clinicas-de-lutas-muay-thai;https://www.sescsp.org.br/wp-content/uploads/2024/02/Foto-Acervo-Pessoal-1.png
Prática de Orquestra para Crianças;2026-05-30 16:00;2026-03-21 14:00;2026-06-27 16:00;Consolação;Música, curso;Gratuito;https://www.sescsp.org.br/programacao/pratica-de-orquestra-para-criancas;https://www.sescsp.org.br/wp-content/uploads/2026/02/Foto-Divulgacao-3.png
Corpo que Fala, Voz que Move;2026-05-30 17:00;2026-05-30 15:00;2026-05-30 17:00;Consolação;;Gratuito;https://www.sescsp.org.br/programacao/corpo-que-fala-voz-que-move;https://www.sescsp.org.br/wp-content/uploads/2026/05/Fabio_de_Sa_por_Matheus_Jose_Maria.jpg
Fábrica de engenhocas;2026-05-30 17:00;2026-05-30 13:00;2026-05-30 17:00;Consolação;Crianças, vivência;Gratuito;https://www.sescsp.org.br/programacao/fabrica-de-engenhocas-5;https://www.sescsp.org.br/wp-content/uploads/2024/09/Imagem-para-o-portal-62.png
Esportes com Raquetes;2026-05-31 13:00;2026-04-05 11:30;2026-05-31 13:00;Consolação;;Gratuito;https://www.sescsp.org.br/programacao/esportes-com-raquetes-para-adultos;https://www.sescsp.org.br/wp-content/uploads/2023/12/800x400-30.png
Vem Dançar - Pegada de Gorila;2026-05-31 17:30;2026-05-31 16:00;2026-05-31 17:30;Consolação;;Gratuito;https://www.sescsp.org.br/programacao/vem-dancar-pegada-de-gorila;https://www.sescsp.org.br/wp-content/uploads/2026/04/Foto-Marina-Sapienza-Foto.png
Violão Popular - Iniciação;2026-06-02 15:30;2026-03-17 14:00;2026-06-26 15:30;Consolação;Música, curso;Gratuito;https://www.sescsp.org.br/programacao/violao-popular-para-iniciantes-2;https://www.sescsp.org.br/wp-content/uploads/2023/07/teste-violão-popular-continuidade.jpg
Cinema e Protagonismo de Mulheres: Uma Introdução;2026-06-02 21:00;2026-05-19 19:00;2026-06-09 21:00;Consolação;;Gratuito;https://www.sescsp.org.br/programacao/cinema-e-protagonismo-de-mulheres-uma-introducao;https://www.sescsp.org.br/wp-content/uploads/2026/04/Foto-Acervo-Pessoal.png
Os Fios da Trama: Grandes Temas da Música Popular Tradicional Brasileira;2026-06-03 21:30;2026-03-25 19:00;2026-06-10 21:30;Consolação;Música, curso;Gratuito;https://www.sescsp.org.br/programacao/os-fios-da-trama-grandes-temas-da-musica-popular-tradicional-brasileira;https://www.sescsp.org.br/wp-content/uploads/2026/02/Foto-Divulgacao-4.png
Linhas e Linhagens: Investigações Visuais e Processos Criativos;2026-06-05 17:30;2026-03-18 14:30;2026-06-05 17:30;Consolação;Tecnologias e Artes, curso;Gratuito;https://www.sescsp.org.br/programacao/linhas-e-linhagens-investigacoes-visuais-e-processos-criativos;https://www.sescsp.org.br/wp-content/uploads/2026/02/morita_livro_36_2026-01-16-14-13-01.jpg
Práticas Aquáticas - Adulto;2026-06-05 19:20;2026-03-17 13:00;2026-12-30 20:20;Consolação;Esporte e Atividade Física, natação e hidroginástica;Gratuito;https://www.sescsp.org.br/programacao/praticas-aquaticas-adulto;https://www.sescsp.org.br/wp-content/uploads/2024/03/800x400-4-1.png
Introdução ao Universo das Estampas;2026-06-05 21:00;2026-04-17 19:00;2026-06-05 21:00;Consolação;Tecnologias e Artes, curso;Gratuito;https://www.sescsp.org.br/programacao/introducao-ao-universo-das-estampas;https://www.sescsp.org.br/wp-content/uploads/2026/03/Caikan3_Foto_Karol_Coelho_2025-12-13-11-04-20.jpg
Sons e Vozes dos Povos Originários;2026-06-06 13:30;2026-04-11 10:30;2026-06-13 13:30;Consolação;Música, curso;Gratuito;https://www.sescsp.org.br/programacao/sons-e-vozes-dos-povos-originarios;https://www.sescsp.org.br/wp-content/uploads/2026/03/WhatsApp_Image_2026_03_12_at_09.15.03_2026-03-12-13-31-25-1.jpeg
Recreação de Futsal para Mulheres;2026-06-07 12:30;2026-03-22 10:00;2026-07-26 12:30;Consolação;;Gratuito;https://www.sescsp.org.br/programacao/recreacao-de-futsal-para-mulheres;https://www.sescsp.org.br/wp-content/uploads/2022/01/futsal-feminino-sesc-consolacao-aula-curso-gratis.jpg
Ritmos do Brasil;2026-06-07 16:00;2026-05-01 14:30;2026-06-28 16:00;Consolação;;Gratuito;https://www.sescsp.org.br/programacao/ritmos-do-brasil;https://www.sescsp.org.br/wp-content/uploads/2026/04/Foto-Patricia-Muniz.png
Skate e Paraskate;2026-06-07 17:00;2026-05-26 10:00;2026-06-07 17:00;Consolação;Esporte e Atividade Física, vivência;Gratuito;https://www.sescsp.org.br/programacao/skate-e-paraskate-4;https://www.sescsp.org.br/wp-content/uploads/2026/04/Fotos.png
Iniciação aos Sopros - Madeiras;2026-06-11 16:00;2026-03-17 14:00;2026-06-25 16:00;Consolação;Música, curso;Gratuito;https://www.sescsp.org.br/programacao/iniciacao-aos-sopros-madeiras;https://www.sescsp.org.br/wp-content/uploads/2025/09/Foto-Marina-Magalhaes.png
Música e Movimento para Bebês;2026-06-11 16:30;2026-03-19 15:30;2026-06-25 16:30;Consolação;Música, curso, vivência;Gratuito;https://www.sescsp.org.br/programacao/musica-e-movimento-para-bebes;https://www.sescsp.org.br/wp-content/uploads/2026/02/Foto-Veronica-Pereira.png
Choro da Consolação;2026-06-13 15:00;2026-03-21 13:00;2026-06-27 15:00;Consolação;Música, curso;Gratuito;https://www.sescsp.org.br/programacao/choro-da-consolacao;https://www.sescsp.org.br/wp-content/uploads/2024/08/Foto-Tais-Ribeiro.png
Produção Musical;2026-06-16 17:30;2026-04-14 14:00;2026-06-23 17:30;Consolação;Música, curso;Gratuito;https://www.sescsp.org.br/programacao/producao-musical-4;https://www.sescsp.org.br/wp-content/uploads/2026/03/JEF_4965_2025-12-09-23-03-33.jpg
Contrabaixo Acústico - Continuidade;2026-06-16 21:30;2026-03-17 20:10;2026-06-25 21:30;Consolação;Música, curso;Gratuito;https://www.sescsp.org.br/programacao/contrabaixo-acustico-continuidade-2;https://www.sescsp.org.br/wp-content/uploads/2024/08/Foto-Marina-Magalhaes.png
Violoncelo - Continuidade;2026-06-16 21:30;2026-03-17 20:10;2026-06-25 21:30;Consolação;Música, curso;Gratuito;https://www.sescsp.org.br/programacao/violoncelo-continuidade-2;https://www.sescsp.org.br/wp-content/uploads/2024/08/Foto-Tais-Ribeiro_1-1.png
Canto Infanto-Juvenil;2026-06-17 19:00;2026-03-18 18:00;2026-06-24 19:00;Consolação;Música, curso;Gratuito;https://www.sescsp.org.br/programacao/canto-infanto-juvenil;https://www.sescsp.org.br/wp-content/uploads/2025/01/800x400-3.png
Pífano Brasileiro;2026-06-17 21:00;2026-03-18 19:00;2026-06-24 21:00;Consolação;Música, curso;Gratuito;https://www.sescsp.org.br/programacao/pifano-brasileiro;https://www.sescsp.org.br/wp-content/uploads/2026/02/Foto-Jose-de-Holanda.png
Violino e Viola Erudita - Iniciante;2026-06-18 20:10;2026-03-17 18:30;2026-06-25 20:10;Consolação;Música, curso;Gratuito;https://www.sescsp.org.br/programacao/violino-e-viola-erudita-para-iniciantes-2;https://www.sescsp.org.br/wp-content/uploads/2023/08/Violino-e-viola-erudita-para-iniciantes-.jpg
Violino e Viola Erudita - Continuidade;2026-06-18 21:30;2026-03-17 20:10;2026-06-25 21:30;Consolação;Música, curso;Gratuito;https://www.sescsp.org.br/programacao/violino-e-viola-erudita-continuidade;https://www.sescsp.org.br/wp-content/uploads/2024/02/Pratica-coletiva-de-cordas-O-Abre-alas-que-elas-querem-passar-📸-Carime-Elmor-.png
Esporte Adulto - Iniciação ao Vôlei;2026-06-19 19:50;2026-03-20 18:30;2026-12-30 19:50;Consolação;Esporte e Atividade Física, esporte adulto (16+);Gratuito;https://www.sescsp.org.br/programacao/esporte-adulto-iniciacao-ao-volei;https://www.sescsp.org.br/wp-content/uploads/2022/01/volei-aula-curso-iniciacao-iniciante-sesc-consolacao-gratis.jpg
Coral de Madeiras;2026-06-20 13:00;2026-03-21 10:30;2026-06-27 13:00;Consolação;Música, curso;Gratuito;https://www.sescsp.org.br/programacao/coral-de-madeiras;https://www.sescsp.org.br/wp-content/uploads/2025/09/Gratuito-Sem-retirada-de-ingresso-8-1.jpg
Práticas Aquáticas - 3 a 6 anos;2026-06-23 16:20;2025-01-14 15:30;2026-12-29 16:20;Consolação;Esporte e Atividade Física, para crianças, esporte criança (3 a 6), natação e hidroginástica, para crianças;Gratuito;https://www.sescsp.org.br/programacao/praticas-aquaticas-3-a-6-anos-8;https://www.sescsp.org.br/wp-content/uploads/2024/03/800x400-5-1.png
LAMA - Jogos de Composição Teatral;2026-06-25 18:30;2026-03-05 15:00;2026-06-25 18:30;Consolação;;Gratuito;https://www.sescsp.org.br/programacao/lama-jogos-de-composicao-teatral;https://www.sescsp.org.br/wp-content/uploads/2026/02/Foto-Divulgacao-1-1.png
Prática Instrumental;2026-06-26 21:30;2026-03-20 19:30;2026-06-26 21:30;Consolação;Música, curso;Gratuito;https://www.sescsp.org.br/programacao/pratica-instrumental;https://www.sescsp.org.br/wp-content/uploads/2024/03/Teste-para-o-curso-Pratica-Instrumental-664x332-1.jpg
Recreação de Tênis de Mesa;2026-06-28 17:30;2026-01-04 10:00;2026-06-30 21:20;Consolação;;Gratuito;https://www.sescsp.org.br/programacao/recreacao-de-tenis-de-mesa-8;https://www.sescsp.org.br/wp-content/uploads/2024/09/800x400-7.png
Esporte Jovem - Handebol;2026-07-09 17:50;2026-03-19 16:30;2026-12-29 17:50;Consolação;Esporte e Atividade Física, esporte jovem (13 a 16);Gratuito;https://www.sescsp.org.br/programacao/esporte-jovem-handebol;https://www.sescsp.org.br/wp-content/uploads/2024/03/800x400-3-1.png
Ler & Escrever Poesia;2026-07-09 21:30;2026-04-09 19:00;2026-09-24 21:30;Consolação;;Gratuito;https://www.sescsp.org.br/programacao/ler-escrever-poesia-com-tarso-de-melo;https://www.sescsp.org.br/wp-content/uploads/2026/03/tarso_de_melo_creditos_acervo_pessoal_2025-12-19-21-50-2.png
Atelierê: Brincar de Construir - Cartão com Movimento;2026-07-12 16:30;2026-05-03 14:30;2026-07-12 16:30;Consolação;;Gratuito;https://www.sescsp.org.br/programacao/ateliere-brincar-de-construir-cartao-com-movimento;https://www.sescsp.org.br/wp-content/uploads/2026/05/Design-sem-nome-2.png
Condicionamento Físico Aquático;2026-07-14 20:20;2026-03-14 20:30;2026-12-30 21:20;Consolação;Esporte e Atividade Física, natação e hidroginástica;Gratuito;https://www.sescsp.org.br/programacao/hidroginastica-3;https://www.sescsp.org.br/wp-content/uploads/2021/12/natacao-hidroginastica-praticas-aquaticas-curso-aula-sesc-consolacao-piscina.jpg
Esporte Criança - 6 a 10 anos;2026-07-23 16:30;2026-03-24 08:30;2026-12-29 16:30;Consolação;Esporte e Atividade Física, esporte criança (6 a 10);Gratuito;https://www.sescsp.org.br/programacao/esporte-crianca-6-a-10-anos;https://www.sescsp.org.br/wp-content/uploads/2022/01/esporte-crianca-6-10-anos-sesc-consolacao-gratis-curso-aula.jpg
Esporte para pessoas idosas;2026-08-12 14:20;2026-03-18 13:00;2026-12-30 14:20;Consolação;Esporte e Atividade Física, esporte para idosos (60+), Pessoas Idosas;Gratuito;https://www.sescsp.org.br/programacao/esporte-para-idosos-4;https://www.sescsp.org.br/wp-content/uploads/2022/01/esporte-idoso-curso-gratis-sesc-consolacao.jpg
Juventudes - Iniciação ao Teatro;2026-08-18 18:30;2026-03-03 15:00;2026-11-24 18:30;Consolação;curso, Jovens;Gratuito;https://www.sescsp.org.br/programacao/juventudes-iniciacao-ao-teatro;https://www.sescsp.org.br/wp-content/uploads/2025/02/Foto-Divulgacao-Iniciacao-ao-teatro.png
Esporte Jovem - 10 a 13 anos;2026-08-27 11:00;2026-03-24 09:00;2026-12-29 16:30;Consolação;Esporte e Atividade Física, esporte jovem (10 a 13);Gratuito;https://www.sescsp.org.br/programacao/esporte-jovem-10-a-13-anos;https://www.sescsp.org.br/wp-content/uploads/2022/01/esporte-jovem-10-13-anos-sesc-consolacao-gratis-aula-curso.jpg
Esporte Adulto - Handebol Feminino;2026-09-03 19:50;2026-03-24 18:30;2026-12-29 19:50;Consolação;Esporte e Atividade Física, esporte adulto (16+);Gratuito;https://www.sescsp.org.br/programacao/esporte-adulto-handebol-feminino;https://www.sescsp.org.br/wp-content/uploads/2024/03/800x400-3-1.png
Recreação de Vôlei;2026-09-05 13:00;2026-03-21 10:00;2026-12-26 13:00;Consolação;;Gratuito;https://www.sescsp.org.br/programacao/recreacao-de-volei-rede-243;https://www.sescsp.org.br/wp-content/uploads/2021/12/Foto-Yghor-Boy-5.png
Recreação de Basquete;2026-09-06 17:30;2026-03-22 15:00;2026-12-27 17:30;Consolação;;Gratuito;https://www.sescsp.org.br/programacao/recreacao-de-basquete-4;https://www.sescsp.org.br/wp-content/uploads/2022/02/aula-aberta-esporte-jovem-basquete.png
Clube de Leitura Próxima Página;2026-09-19 17:00;2026-05-30 15:00;2026-11-07 17:00;Consolação;;Gratuito;https://www.sescsp.org.br/programacao/clube-de-leitura-proxima-pagina;https://www.sescsp.org.br/wp-content/uploads/2026/05/Foto_Divulgacao-3.png
Recreação de Handebol;2026-09-19 17:30;2026-03-21 16:00;2026-12-26 17:30;Consolação;;Gratuito;https://www.sescsp.org.br/programacao/recreacao-de-handebol;https://www.sescsp.org.br/wp-content/uploads/2021/12/handball-handebol-recreacao-esporte-curso-aula-aberta-gratis-sesc-consolacao.jpg
Yoga;2026-10-20 12:50;2026-03-18 16:30;2026-12-30 17:20;Consolação;Esporte e Atividade Física, yoga;Gratuito;https://www.sescsp.org.br/programacao/yoga-39;https://www.sescsp.org.br/wp-content/uploads/2023/01/Design-sem-nome-2-2.png
Esporte Adulto - Handebol;2026-10-20 21:20;2026-03-19 20:00;2026-12-29 21:20;Consolação;Esporte e Atividade Física, esporte adulto (16+);Gratuito;https://www.sescsp.org.br/programacao/esporte-adulto-handebol;https://www.sescsp.org.br/wp-content/uploads/2022/01/handebol-sesc-consolacao-aula-curso-gratis.jpg
Espaço de Leitura;2026-10-24 17:00;2026-01-03 10:00;2026-12-27 17:00;Consolação;Literatura;Gratuito;https://www.sescsp.org.br/programacao/espaco-de-leitura;https://www.sescsp.org.br/wp-content/uploads/2021/12/Foto-Yghor-Boy-4.png
Recreação de Futsal;2026-10-25 15:00;2026-03-22 12:30;2026-12-27 15:00;Consolação;;Gratuito;https://www.sescsp.org.br/programacao/recreacao-de-futsal-3;https://www.sescsp.org.br/wp-content/uploads/2024/12/Foto-Yghor-Boy.png
Espaço de Brincar;2026-11-01 17:00;2026-01-17 10:00;2026-12-27 17:00;Consolação;Crianças, vivência;Gratuito;https://www.sescsp.org.br/programacao/espaco-de-brincar-14;https://www.sescsp.org.br/wp-content/uploads/2024/01/Captura-de-Tela-2024-04-26-as-14.32.55.png
Esporte Adulto - Basquete;2026-11-12 19:50;2026-03-24 18:30;2026-12-29 19:50;Consolação;Esporte e Atividade Física, esporte adulto (16+);Gratuito;https://www.sescsp.org.br/programacao/esporte-adulto-clube-do-basquete;https://www.sescsp.org.br/wp-content/uploads/2022/01/clube-basquete-sesc-consolacao-gratis.jpg
Esporte Jovem – Basquete;2026-11-17 17:50;2026-03-17 16:30;2026-12-29 17:50;Consolação;Esporte e Atividade Física, esporte jovem (13 a 16);Gratuito;https://www.sescsp.org.br/programacao/esporte-jovem-basquete-2;https://www.sescsp.org.br/wp-content/uploads/2022/01/esporte-jovem-basquete-sesc-consolacao-gratis-aula-curso.jpg
Esporte Adulto - Basquete Feminino;2026-11-17 21:20;2026-03-19 20:00;2026-12-29 21:20;Consolação;Esporte e Atividade Física, esporte adulto (16+);Gratuito;https://www.sescsp.org.br/programacao/esporte-adulto-iniciacao-ao-basquete;https://www.sescsp.org.br/wp-content/uploads/2022/01/basquete-sesc-consolacao-aula-curso-gratis.jpg
Esporte Jovem - Vôlei;2026-11-18 17:50;2026-03-18 16:30;2026-12-30 17:50;Consolação;Esporte e Atividade Física, esporte jovem (13 a 16);Gratuito;https://www.sescsp.org.br/programacao/esporte-jovem-volei;https://www.sescsp.org.br/wp-content/uploads/2022/01/esporte-jovem-volei-sesc-consolacao-gratis-aula-curso.jpg
Esporte Jovem – Futsal;2026-11-20 17:50;2026-03-18 16:30;2026-12-30 17:50;Consolação;Esporte e Atividade Física, esporte jovem (13 a 16);Gratuito;https://www.sescsp.org.br/programacao/esporte-jovem-futsal;https://www.sescsp.org.br/wp-content/uploads/2022/01/esporte-jovem-futsal-sesc-consolacao-gratis-aula-curso.jpg
Esporte Adulto - Ginástica para Todos;2026-12-03 16:50;2026-03-18 10:00;2026-12-30 19:50;Consolação;Esporte e Atividade Física, esporte adulto (16+);Gratuito;https://www.sescsp.org.br/programacao/esporte-adulto-ginastica-para-todos-3;https://www.sescsp.org.br/wp-content/uploads/2022/01/ginastica-todos-sesc-consolacao-curso-gratis.jpg
Esporte Adulto - Futsal Feminino;2026-12-09 19:50;2026-03-18 18:30;2026-12-30 19:50;Consolação;Esporte e Atividade Física, esporte adulto (16+);Gratuito;https://www.sescsp.org.br/programacao/esporte-adulto-futsal-feminino-3;https://www.sescsp.org.br/wp-content/uploads/2022/01/futsal-feminino-sesc-consolacao-aula-curso-gratis.jpg
Esporte Adulto – Corrida;2026-12-16 20:50;2025-01-15 07:10;2026-12-30 20:50;Consolação;Esporte e Atividade Física, corrida;Gratuito;https://www.sescsp.org.br/programacao/esporte-adulto-corrida-3;https://www.sescsp.org.br/wp-content/uploads/2022/01/corrida-clube-aula-curso-sesc-consolacao-gratis.jpg
Ginástica Multifuncional | GMF;2026-12-23 21:30;2026-03-13 07:10;2026-12-30 21:30;Consolação;Esporte e Atividade Física, ginástica multifuncional;Gratuito;https://www.sescsp.org.br/programacao/ginastica-multifuncional-6;https://www.sescsp.org.br/wp-content/uploads/2024/03/Foto-Marina-Magalhaes.png
Esporte Adulto – Futsal;2026-12-30 08:30;2026-03-18 07:10;2026-12-30 08:30;Consolação;Esporte e Atividade Física, esporte adulto (16+);Gratuito;https://www.sescsp.org.br/programacao/esporte-adulto-futsal-masculino-3;https://www.sescsp.org.br/wp-content/uploads/2022/01/futsal-masculino-aula-curso-gratis-sesc-consolacao-bola.jpg
Diego Estevam, Richard Fermino e Sthe Araujo;2026-05-09 20:00;2026-05-09 20:00;2026-05-09 20:00;Avenida Paulista;;Pago;https://www.sescsp.org.br/programacao/diego-estevam-richard-fermino-e-sthe-araujo;https://www.sescsp.org.br/wp-content/uploads/2026/04/EIN_Rubens_Tamashiro_2026-04-21-18-20-22.jpg
Trançados de taboa com o Quilombo do Campinho: um chão de conhecimentos;2026-05-10 13:00;2026-05-09 11:00;2026-05-10 16:30;Avenida Paulista;;Gratuito;https://www.sescsp.org.br/programacao/trancados-de-taboa-com-o-quilombo-do-campinho-um-chao-de-conhecimentos;https://www.sescsp.org.br/wp-content/uploads/2026/04/Arte_e_Fibra_baixa_foto_Luiza_Saad_@luizasaadfoto_documental_82_1536x1024_2026-01-13-19-49-.jpg
Mover Para Si!;2026-05-10 16:00;2026-05-09 15:00;2026-05-10 16:00;Avenida Paulista;Dança, espetáculo;Gratuito;https://www.sescsp.org.br/programacao/mover-para-si-3;https://www.sescsp.org.br/wp-content/uploads/2026/04/IMG_1669___Creditos_Ed.Ogawa_2026-04-23-16-52-32.jpg
Meu corpo é minha casa - Brincando e aprendendo com Carro Cris;2026-05-10 16:30;2026-05-09 15:30;2026-05-10 16:30;Avenida Paulista;Literatura, contação de histórias, Crianças, contação de histórias;Gratuito;https://www.sescsp.org.br/programacao/meu-corpo-e-minha-casa-brincando-e-aprendendo-com-carro-cris;https://www.sescsp.org.br/wp-content/uploads/2026/03/IMG_2748_2025-12-17-15-37-24-1.jpg
Trânsitos e Fronteiras: encenação, dramaturgia e dramaturgismo;2026-05-10 18:00;2026-05-10 11:00;2026-05-10 18:00;Avenida Paulista;Teatro, oficina;Gratuito;https://www.sescsp.org.br/programacao/transitos-e-fronteiras-encenacao-dramaturgia-e-dramaturgismo;https://www.sescsp.org.br/wp-content/uploads/2026/04/26-05_tea-transitos-e-fronteiras.png
Cabaré Catappum;2026-05-10 18:00;2026-05-09 17:00;2026-05-10 18:00;Avenida Paulista;Circo, espetáculo, Crianças;Gratuito;https://www.sescsp.org.br/programacao/cabare-catappum;https://www.sescsp.org.br/wp-content/uploads/2023/10/26-05_cir-cabare-catappum.png
Cara de um, desenho do outro;2026-05-12 17:00;2026-05-12 16:00;2026-05-26 17:00;Avenida Paulista;;Gratuito;https://www.sescsp.org.br/programacao/cara-de-um-desenho-do-outro;https://www.sescsp.org.br/wp-content/uploads/2026/05/cara-de-um.jpg
Além do Streaming: Táticas Independentes para Lançamento Musical;2026-05-12 21:30;2026-05-12 19:30;2026-06-30 21:30;Avenida Paulista;Tecnologias e Artes, aula aberta;Gratuito;https://www.sescsp.org.br/programacao/alem-do-streaming-taticas-independentes-para-lancamento-musical;https://www.sescsp.org.br/wp-content/uploads/2026/04/26-05_tec-alem-do-streaming.png
Imersão em Figurino para Cinema Noir;2026-05-13 19:30;2026-03-25 19:30;2026-05-20 19:30;Avenida Paulista;Cinema e Vídeo, curso;Gratuito;https://www.sescsp.org.br/programacao/imersao-em-figurino-para-cinema-noir;https://www.sescsp.org.br/wp-content/uploads/2026/02/casa_juisi_2025-12-12-19-16-03-1.jpg
Curta, comente e compartilhe: Estação Liberdade, de JP Ramos;2026-05-13 20:00;2026-05-13 18:00;2026-05-13 20:00;Avenida Paulista;;Gratuito;https://www.sescsp.org.br/programacao/curta-comente-e-compartilhe-estacao-liberdade-de-jp-ramos;https://www.sescsp.org.br/wp-content/uploads/2026/03/photo_5143634679322840177_w.jpg
Cultura e arte no mundo árabe (módulo I);2026-05-13 21:30;2026-05-12 19:30;2026-05-20 21:30;Avenida Paulista;;Gratuito;https://www.sescsp.org.br/programacao/cultura-e-arte-no-mundo-arabe-modulo-i;https://www.sescsp.org.br/wp-content/uploads/2026/04/26-05_aco_cultura-arabe.png
Ateliê Aberto: Desenho Artístico (Módulo II);2026-05-13 21:30;2026-05-06 19:00;2026-06-24 21:30;Avenida Paulista;Tecnologias e Artes, oficina;Gratuito;https://www.sescsp.org.br/programacao/atelie-aberto-desenho-artistico-modulo-ii-2;https://www.sescsp.org.br/wp-content/uploads/2026/04/danilo.jpg
Negrociação: minha língua está em sua boca e eu a quero de volta;2026-05-14 20:00;2026-05-13 12:00;2026-05-14 20:00;Avenida Paulista;;Gratuito;https://www.sescsp.org.br/programacao/negrociacao-minha-lingua-esta-em-sua-boca-e-eu-a-quero-de-volta-2;https://www.sescsp.org.br/wp-content/uploads/2026/04/26-05_dan-negrociacao.png
Ginástica Holística;2026-05-15 17:50;2026-05-15 17:00;2026-05-15 17:50;Avenida Paulista;;Gratuito;https://www.sescsp.org.br/programacao/ginastica-holistica-2;https://www.sescsp.org.br/wp-content/uploads/2026/04/26-05_esp-ginastica-holistica.png
Escrevendo com os mitos;2026-05-15 21:00;2026-05-12 19:00;2026-05-15 21:00;Avenida Paulista;;Gratuito;https://www.sescsp.org.br/programacao/escrevendo-com-os-mitos;https://www.sescsp.org.br/wp-content/uploads/2026/04/Escrevendo-com-os-mitos.jpg
Zouk Brasileiro;2026-05-16 14:00;2026-04-04 13:00;2026-05-31 14:00;Avenida Paulista;aula aberta, outras práticas corporais;Gratuito;https://www.sescsp.org.br/programacao/zouk-brasileiro;https://www.sescsp.org.br/wp-content/uploads/2026/03/teste.png
Brincar que encanta: construindo e manipulando o  Traca-Traca;2026-05-16 16:00;2026-05-16 14:00;2026-05-24 16:00;Avenida Paulista;;Gratuito;https://www.sescsp.org.br/programacao/brincar-que-encanta-construindo-e-manipulando-o-traca-traca;https://www.sescsp.org.br/wp-content/uploads/2026/04/26-05_virada-brincar-que-encanta.png
Como Montar o seu Dragão;2026-05-16 16:30;2026-05-02 14:30;2026-06-27 16:30;Avenida Paulista;Tecnologias e Artes, oficina, para crianças;Gratuito;https://www.sescsp.org.br/programacao/como-montar-o-seu-dragao-2;https://www.sescsp.org.br/wp-content/uploads/2026/04/Dragao3.jpg
Montanha;2026-05-16 17:00;2026-05-16 15:00;2026-05-17 17:00;Avenida Paulista;;Gratuito;https://www.sescsp.org.br/programacao/montanha;https://www.sescsp.org.br/wp-content/uploads/2026/04/montanha2_rodrigo_amor_experimental_300_2026-04-05-12-15-53.png
Caminhos;2026-05-16 18:30;2026-05-16 17:30;2026-05-17 18:30;Avenida Paulista;;Gratuito;https://www.sescsp.org.br/programacao/caminhos;https://www.sescsp.org.br/wp-content/uploads/2026/04/Ana_Raquel_S_1_2026-01-02-14-46-02.jpg
Ateliê Aberto: Técnicas de Pintura;2026-05-17 12:30;2026-05-16 10:30;2026-06-28 12:30;Avenida Paulista;;Gratuito;https://www.sescsp.org.br/programacao/atelie-aberto-tecnicas-de-pintura;https://www.sescsp.org.br/wp-content/uploads/2026/04/1_2025_01_12_12_02_47_2026-04-24-11-09-43.jpeg
Animal Flow®;2026-05-19 17:00;2026-03-03 16:00;2026-06-30 17:00;Avenida Paulista;;Gratuito;https://www.sescsp.org.br/programacao/animal-flow-8;https://www.sescsp.org.br/wp-content/uploads/2026/02/Image_2022-01-26-17-09-33-1.jpeg
Descompressão: Lado A, Lado B;2026-05-20 18:30;2026-05-20 17:00;2026-05-20 18:30;Avenida Paulista;;Gratuito;https://www.sescsp.org.br/programacao/descompressao-lado-a-lado-b;https://www.sescsp.org.br/wp-content/uploads/2026/04/foto_2_Lado_A_lado_Bebe_2023_06_15_17_46_12_2024_02_09_15_37_32_2026-01-20-18-25-46.jpg
Mulheres negras organizadas - O levante por direitos: reparação e bem viver;2026-05-20 21:00;2026-05-20 19:30;2026-05-20 21:00;Avenida Paulista;;Gratuito;https://www.sescsp.org.br/programacao/mulheres-negras-organizadas-o-levante-por-direitos-reparacao-e-bem-viver;https://www.sescsp.org.br/wp-content/uploads/2026/05/26-05_aco_mulheres-negras-organizadas.png
Estação Sensação;2026-05-21 11:20;2026-05-07 10:20;2026-05-28 11:20;Avenida Paulista;;Gratuito;https://www.sescsp.org.br/programacao/estacao-sensacao;https://www.sescsp.org.br/wp-content/uploads/2025/02/2024-12-07_Espaco-de-Brincar_ft-Rodrigo-Nascimento_1369.jpg
Pintura de Agulha;2026-05-21 12:30;2026-05-14 10:30;2026-06-25 12:30;Avenida Paulista;;Gratuito;https://www.sescsp.org.br/programacao/pintura-de-agulha-2;https://www.sescsp.org.br/wp-content/uploads/2026/04/26-05_tec_pintura-de-agulha.png
Tudo para mim é viagem de volta;2026-05-21 20:00;2026-05-21 20:00;2026-05-23 23:00;Avenida Paulista;Música, Teatro, instalação, espetáculo;Pago;https://www.sescsp.org.br/programacao/tudo-para-mim-e-viagem-de-volta;https://www.sescsp.org.br/wp-content/uploads/2026/04/26-05_virada-tudo-pra-mim-pode-ser-desligado.png
Diálogos sobre as infâncias: Violência Obstétrica;2026-05-21 20:30;2026-05-21 19:00;2026-05-21 20:30;Avenida Paulista;;Gratuito;https://www.sescsp.org.br/programacao/dialogos-sobre-as-infancias-violencia-obstetrica;https://www.sescsp.org.br/wp-content/uploads/2026/05/26-05_cri-dialogos-sobre-infancias.png
Sodomita;2026-05-22 20:30;2026-05-22 20:30;2026-05-22 20:30;Avenida Paulista;Música, show, Jovens;Pago;https://www.sescsp.org.br/programacao/sodomita;https://www.sescsp.org.br/wp-content/uploads/2026/04/26-05_mus-sodomita-evehive.png
Poesias Bordadas;2026-05-23 12:30;2026-05-09 10:30;2026-06-21 12:30;Avenida Paulista;Tecnologias e Artes, oficina;Gratuito;https://www.sescsp.org.br/programacao/poesias-bordadas;https://www.sescsp.org.br/wp-content/uploads/2026/04/26-05_tec-poesia-bordada.png
Zouk Brasileiro;2026-05-23 14:00;2026-05-02 13:00;2026-05-31 14:00;Avenida Paulista;;Gratuito;https://www.sescsp.org.br/programacao/zouk-brasileiro-2;https://www.sescsp.org.br/wp-content/uploads/2026/04/photo_5140961491677809689_y.jpg
Cultivo de plantas em casas e apartamentos;2026-05-23 17:00;2026-05-23 11:00;2026-05-23 17:00;Avenida Paulista;;Gratuito;https://www.sescsp.org.br/programacao/cultivo-de-plantas-em-casas-e-apartamentos;https://www.sescsp.org.br/wp-content/uploads/2026/05/26-05_mei-cultivo-de-plantas.png
Baile Nostalgia;2026-05-23 19:00;2026-05-23 18:00;2026-05-23 19:00;Avenida Paulista;Esporte e Atividade Física, aula aberta, dança, para todos os públicos;Gratuito;https://www.sescsp.org.br/programacao/aula-aberta-de-ritmos-de-baile-nostalgia;https://www.sescsp.org.br/wp-content/uploads/2024/06/IMG_7409.jpg
Boate Class;2026-05-23 20:30;2026-05-23 19:00;2026-05-23 20:30;Avenida Paulista;;Gratuito;https://www.sescsp.org.br/programacao/boate-class;https://www.sescsp.org.br/wp-content/uploads/2026/04/26-05_vir-boate-class.png
Karaokêra Kerida;2026-05-23 22:00;2026-05-23 20:00;2026-05-23 22:00;Avenida Paulista;;Gratuito;https://www.sescsp.org.br/programacao/karaokera-kerida-6;https://www.sescsp.org.br/wp-content/uploads/2026/04/26-05_virada-karaokera-kerida.png
Baile do Risca Fada convida Karol Conká;2026-05-23 23:59;2026-05-23 22:00;2026-05-24 04:00;Avenida Paulista;;Gratuito;https://www.sescsp.org.br/programacao/baile-do-risca-fada-convida-karol-conka;https://www.sescsp.org.br/wp-content/uploads/2026/04/26-05_virada-baile-risca-fada.png
Discotecagem: DJ Evelyn Cristina;2026-05-24 04:00;2026-05-23 23:00;2026-05-24 04:00;Avenida Paulista;Música, show;Gratuito;https://www.sescsp.org.br/programacao/discotecagem-dj-evelyn-cristina;https://www.sescsp.org.br/wp-content/uploads/2026/04/26-05_virada-dj-evelyn.png
Costuras e Carimbos: Criação de Livro Artesanal;2026-05-24 16:30;2026-05-03 14:30;2026-05-31 16:30;Avenida Paulista;Tecnologias e Artes, oficina;Gratuito;https://www.sescsp.org.br/programacao/costuras-e-carimbos-criacao-de-livro-artesanal;https://www.sescsp.org.br/wp-content/uploads/2026/04/Costuras_e_Carimbos_Livreto_Artesanal_autoria_Leticia_Goncalves_imagem_1_2026-04-23-13-22-13.jpg
Amor correSPondido;2026-05-24 17:00;2026-05-23 14:00;2026-05-24 17:00;Avenida Paulista;Ações para Cidadania, vivência;Gratuito;https://www.sescsp.org.br/programacao/amor-correspondido;https://www.sescsp.org.br/wp-content/uploads/2026/04/2025.01__Amor_correSPondido___Ft._Romeu_Marinho4_2026-01-13-20-39-47.jpg
Grupo de Estudos em Python: Ciência de Dados;2026-05-26 16:30;2026-05-05 14:30;2026-05-26 16:30;Avenida Paulista;Tecnologias e Artes, oficina;Gratuito;https://www.sescsp.org.br/programacao/grupo-de-estudos-em-python-ciencia-de-dados;https://www.sescsp.org.br/wp-content/uploads/2026/04/Grupo_de_estudos_em_Python___ciencia_de_dados_2026-04-24-15-50-30.png
Para não dizer que não falei das cores: teorias e práticas das cores no desenho;2026-05-27 12:30;2026-05-13 10:30;2026-07-01 12:30;Avenida Paulista;Tecnologias e Artes, oficina;Gratuito;https://www.sescsp.org.br/programacao/para-nao-dizer-que-nao-falei-das-cores-teorias-e-praticas-das-cores-no-desenho;https://www.sescsp.org.br/wp-content/uploads/2026/04/20250907_123744_2025-10-19-12-09-2.jpg
Desafio de Ginástica;2026-05-27 17:00;2026-05-27 10:00;2026-05-27 17:00;Avenida Paulista;;Gratuito;https://www.sescsp.org.br/programacao/desafio-de-ginastica;https://www.sescsp.org.br/wp-content/uploads/2024/05/Captura-de-Tela-2024-06-19-as-13.07.34.png
Futebóis;2026-05-27 20:00;2026-05-27 10:00;2026-05-27 20:00;Avenida Paulista;;Gratuito;https://www.sescsp.org.br/programacao/futebois-4;https://www.sescsp.org.br/wp-content/uploads/2025/01/pexels-fecundap6-364308.jpg
Desafios de GMF;2026-05-27 21:00;2026-05-27 07:00;2026-05-27 21:00;Avenida Paulista;;Gratuito;https://www.sescsp.org.br/programacao/desafios-de-gmf-2;https://www.sescsp.org.br/wp-content/uploads/2024/07/2024-07-06_Aula-Aberta-da-GMF-com-Convidado-Everton-Sesc-Santo-Amaro_ft-Rodrigo-Nascimento_3834.jpg
Luzes de Neon e Sombras Urbanas: A Estética Neo-noir no Color Grading;2026-05-27 22:00;2026-05-27 19:00;2026-07-08 22:00;Avenida Paulista;Cinema e Vídeo, curso;Gratuito;https://www.sescsp.org.br/programacao/luzes-de-neon-e-sombras-urbanas-a-estetica-neo-noir-no-color-grading;https://www.sescsp.org.br/wp-content/uploads/2026/04/26-05_cin-Luzes-de-Neon-e-Sombras-Urbanas.png
Projetos Abertos de Reciclagem de Plástico: Construção de Prensa Fria;2026-05-28 21:30;2026-05-07 19:30;2026-05-28 21:30;Avenida Paulista;Tecnologias e Artes, oficina;Gratuito;https://www.sescsp.org.br/programacao/projetos-abertos-de-reciclagem-de-plastico-construcao-de-prensa-fria;https://www.sescsp.org.br/wp-content/uploads/2026/04/prensa_fria2_2026-02-24-19-13-29.jpeg
Nhemboaty: Roda de escuta Guarani;2026-05-29 16:30;2026-05-29 14:30;2026-05-29 16:30;Avenida Paulista;Ações para Cidadania, encontro;Gratuito;https://www.sescsp.org.br/programacao/nhemboaty-roda-de-escuta-guarani-2;https://www.sescsp.org.br/wp-content/uploads/2026/04/Nhemboaty.jpeg
Gente de Classe;2026-05-29 20:00;2026-05-29 20:00;2026-06-28 18:00;Avenida Paulista;;Pago;https://www.sescsp.org.br/programacao/gente-de-classe;https://www.sescsp.org.br/wp-content/uploads/2026/05/26-05_tea-gente-de-classe-Annelize-Tozzeto.png
Treinando com Atleta - Judô;2026-05-29 20:30;2026-05-27 19:00;2026-05-29 20:30;Avenida Paulista;;Gratuito;https://www.sescsp.org.br/programacao/treinando-com-atleta-judo;https://www.sescsp.org.br/wp-content/uploads/2026/04/26-05_esp-treinando-com-atleta.png
Movimento Consciente;2026-05-30 11:00;2026-03-01 10:10;2026-06-28 11:00;Avenida Paulista;Esporte e Atividade Física, aula aberta, outras práticas corporais;Gratuito;https://www.sescsp.org.br/programacao/movimento-consciente-94;https://www.sescsp.org.br/wp-content/uploads/2026/02/photo_5062559625353300813_y.jpg
Balé;2026-05-30 12:30;2026-05-05 12:00;2026-05-30 12:30;Avenida Paulista;;Gratuito;https://www.sescsp.org.br/programacao/bale;https://www.sescsp.org.br/wp-content/uploads/2026/04/ballet_fit_2025-11-09-17-24-00.jpg
Conversas públicas no Bulevar: O que é saúde mental?;2026-05-30 13:00;2026-05-30 11:00;2026-05-30 13:00;Avenida Paulista;Saúde, encontro;Gratuito;https://www.sescsp.org.br/programacao/conversas-publicas-no-bulevar-o-que-e-saude-mental-3;https://www.sescsp.org.br/wp-content/uploads/2026/04/26-05_aco_conversas-publicas.png
Labirinto de Voal;2026-05-30 17:30;2026-05-28 14:30;2026-05-31 17:30;Avenida Paulista;Crianças, vivência, instalação;Gratuito;https://www.sescsp.org.br/programacao/labirinto-de-voal;https://www.sescsp.org.br/wp-content/uploads/2026/04/pexels-anna-nekrashevich-8055243.jpg
Art Battle;2026-05-30 18:00;2026-05-30 18:00;2026-05-30 18:00;Avenida Paulista;;Pago;https://www.sescsp.org.br/programacao/art-battle;https://www.sescsp.org.br/wp-content/uploads/2026/05/photo_5168227881103068260_w.jpg
Livro Lindo é Livro Lido;2026-05-30 18:00;2026-05-30 15:00;2026-05-30 18:00;Avenida Paulista;Literatura, bate-papo;Gratuito;https://www.sescsp.org.br/programacao/livro-lindo-e-livro-lido;https://www.sescsp.org.br/wp-content/uploads/2026/04/Felipe_Franco_Munhoz_02_photo___Helena_Franco_2026-01-10-09-12-2.jpg
Ocupação Fulelê de Brincar;2026-05-31 17:30;2026-05-16 14:30;2026-05-31 17:30;Avenida Paulista;;Gratuito;https://www.sescsp.org.br/programacao/ocupacao-fulele-de-brincar;https://www.sescsp.org.br/wp-content/uploads/2026/04/Acervo_Fulele_1_2026-04-17-17-53-08.jpg
Confecção de Joias Têxteis (Módulo II);2026-06-03 13:30;2026-05-13 10:30;2026-06-03 13:30;Avenida Paulista;;Gratuito;https://www.sescsp.org.br/programacao/confeccao-de-joias-texteis-modulo-ii;https://www.sescsp.org.br/wp-content/uploads/2026/04/joias-texteis.jpg
Ginástica Multifuncional - GMF;2026-06-03 21:20;2026-01-20 07:10;2026-12-30 21:20;Avenida Paulista;Esporte e Atividade Física, curso, ginástica multifuncional;Gratuito;https://www.sescsp.org.br/programacao/ginastica-multifuncional-2025;https://www.sescsp.org.br/wp-content/uploads/2022/01/gmf2022.jpg
Bordados em Superfícies;2026-06-04 16:30;2026-05-14 14:30;2026-06-25 16:30;Avenida Paulista;;Gratuito;https://www.sescsp.org.br/programacao/bordados-em-superficies-4;https://www.sescsp.org.br/wp-content/uploads/2026/04/bordado_superficieis_02_2025-01-16-12-07-19.jpeg
Toy Art de Papel;2026-06-05 16:30;2026-04-21 10:00;2026-06-05 16:30;Avenida Paulista;;Gratuito;https://www.sescsp.org.br/programacao/toy-art-de-papel;https://www.sescsp.org.br/wp-content/uploads/2026/03/toy.png
Movimento Consciente;2026-06-07 11:00;2025-11-23 10:10;2026-12-20 11:00;Avenida Paulista;Esporte e Atividade Física, aula aberta, outras práticas corporais;Gratuito;https://www.sescsp.org.br/programacao/movimento-consciente-86;https://www.sescsp.org.br/wp-content/uploads/2025/10/26-01_esp_movimento-consciente-gean-carlo-seno.png
Jovens leitores;2026-06-07 21:30;2026-03-03 10:00;2026-08-02 21:30;Avenida Paulista;Artes Visuais, intervenção;Gratuito;https://www.sescsp.org.br/programacao/jovens-leitores;https://www.sescsp.org.br/wp-content/uploads/2026/02/2_2025-11-13-17-16-12.png
Ateliê Aberto: Eletrônica e Programação;2026-06-17 16:30;2026-05-13 14:30;2026-06-24 16:30;Avenida Paulista;;Gratuito;https://www.sescsp.org.br/programacao/atelie-aberto-eletronica-e-programacao;https://www.sescsp.org.br/wp-content/uploads/2026/04/out_x5_2026-04-24-22-00-5.png
Aplicações de IA para Arte Têxtil;2026-06-23 13:00;2026-05-12 10:30;2026-06-30 13:00;Avenida Paulista;;Gratuito;https://www.sescsp.org.br/programacao/aplicacoes-de-ia-para-arte-textil;https://www.sescsp.org.br/wp-content/uploads/2026/04/26-05_tec_aplicacoes-de-ia-para-arte-textil.png
Oriente-se;2026-06-24 18:00;2026-03-04 17:00;2026-06-26 18:00;Avenida Paulista;Esporte e Atividade Física, aula aberta, outras práticas corporais;Gratuito;https://www.sescsp.org.br/programacao/oriente-se-19;https://www.sescsp.org.br/wp-content/uploads/2026/02/Oriente_se_2025-07-04-08-58-0-1.jpeg
Clube do Livro;2026-06-24 21:00;2026-04-29 19:30;2026-07-22 21:00;Avenida Paulista;Literatura, bate-papo;Gratuito;https://www.sescsp.org.br/programacao/clube-do-livro-5;https://www.sescsp.org.br/wp-content/uploads/2026/02/Rodrigo_Casarin_Credito_Andreia_Casarin_6_2026-01-23-20-49-53.jpg
Clube do Pedal 30 Anos;2026-06-28 13:00;2026-04-26 07:00;2026-12-13 23:00;Avenida Paulista;Esporte e Atividade Física, bicicleta, vivência;Gratuito;https://www.sescsp.org.br/programacao/clube-do-pedal-30-anos-2;https://www.sescsp.org.br/wp-content/uploads/2024/05/SIPLAN.jpg
Clube do Pedal 30 Anos - Noturno;2026-07-01 23:00;2026-04-01 20:00;2026-12-02 23:00;Avenida Paulista;Esporte e Atividade Física, bicicleta, vivência;Gratuito;https://www.sescsp.org.br/programacao/clube-do-pedal-30-anos-noturno;https://www.sescsp.org.br/wp-content/uploads/2026/01/26-02_esp_clube-do-pedal.png
Juventudes - O que nos faz humanos?;2026-07-30 17:00;2026-02-10 14:00;2026-11-26 17:00;Avenida Paulista;Jovens;Gratuito;https://www.sescsp.org.br/programacao/juventudes-direito-a-sonhar-2;https://www.sescsp.org.br/wp-content/uploads/2024/07/juventudes.jpg
Clube da Caminhada;2026-08-08 11:00;2026-04-11 08:00;2026-12-12 11:00;Avenida Paulista;Esporte e Atividade Física, aula aberta, caminhada, esporte adulto (16+);Gratuito;https://www.sescsp.org.br/programacao/clube-da-caminhada-7;https://www.sescsp.org.br/wp-content/uploads/2025/12/26-01_esp_clube-da-caminhada.png
Primeiras Pedaladas - Clube do Pedal 30 Anos;2026-12-06 15:30;2026-04-05 10:30;2026-12-06 15:30;Avenida Paulista;Esporte e Atividade Física, bicicleta, para todos os públicos, vivência;Gratuito;https://www.sescsp.org.br/programacao/primeiras-pedaladas-clube-do-pedal-30-anos;https://www.sescsp.org.br/wp-content/uploads/2025/12/26-01_esp_clube-do-pedal-primeiras-pedaladas.png
Kizombinha | Sons de cuias de coco e colheres de pau;2026-05-09 18:00;2026-05-02 13:00;2026-05-09 18:00;14 Bis;;Gratuito;https://www.sescsp.org.br/programacao/kizombinha-sons-de-cuias-de-coco-e-colheres-de-pau;https://www.sescsp.org.br/wp-content/uploads/2026/04/ESTRUTURA-SENSORIAL-2.jpg
Missa Dos Quilombos;2026-05-09 20:00;2026-05-09 20:00;2026-05-10 18:00;14 Bis;;Pago;https://www.sescsp.org.br/programacao/missa-dos-quilombos-2;https://www.sescsp.org.br/wp-content/uploads/2026/04/Banda-Alafia_by-@rafasted.jpeg
Nerina, a ovelha negra;2026-05-10 16:00;2026-05-10 15:00;2026-05-10 16:00;14 Bis;;Gratuito;https://www.sescsp.org.br/programacao/nerina-a-ovelha-negra-6;https://www.sescsp.org.br/wp-content/uploads/2026/04/Nerina_caca_diniz_4.jpg
Saltos e Equilíbrios | Mediação nos Brinquedos Naturalizados;2026-05-10 18:30;2026-05-02 13:00;2026-05-31 18:30;14 Bis;Crianças, vivência;Gratuito;https://www.sescsp.org.br/programacao/brinca-e-equilibra-nos-brinquedos-naturalizados;https://www.sescsp.org.br/wp-content/uploads/2025/06/Credito-Pirambo.jpg
Ficção, memória e trabalho | Não Sou da Família;2026-05-13 16:00;2026-05-12 14:00;2026-05-15 16:00;14 Bis;;Gratuito;https://www.sescsp.org.br/programacao/ficcao-memoria-e-trabalho-nao-sou-da-familia;https://www.sescsp.org.br/wp-content/uploads/2026/04/Obra_AbreCaminho2019.jpg
Amaro Freitas Trio;2026-05-16 20:00;2026-05-16 20:00;2026-05-17 18:00;14 Bis;;Pago;https://www.sescsp.org.br/programacao/amaro-freitas-trio-6;https://www.sescsp.org.br/wp-content/uploads/2026/04/ee515e08-065e-4092-928c-459174f36009.jpg
Entrar, Atravessar e Permanecer | Estruturas sensoriais para bebês;2026-05-17 12:30;2026-05-01 10:00;2026-05-23 12:30;14 Bis;;Gratuito;https://www.sescsp.org.br/programacao/entrar-atravessar-e-permanecer-estruturas-sensoriais-para-bebes;https://www.sescsp.org.br/wp-content/uploads/2026/05/Entrar-Permanecer_EB_4.jpg
Desfazer da Trama | Não Sou da Família;2026-05-19 17:00;2026-05-19 14:00;2026-05-22 17:00;14 Bis;Artes Visuais, curso;Gratuito;https://www.sescsp.org.br/programacao/desfazer-da-trama-nao-sou-da-familia;https://www.sescsp.org.br/wp-content/uploads/2026/04/credito-Thaynna-Prado-.jpg
Laudelina;2026-05-19 22:00;2026-05-19 20:00;2026-05-20 22:00;14 Bis;;Gratuito;https://www.sescsp.org.br/programacao/laudelina;https://www.sescsp.org.br/wp-content/uploads/2026/04/Laudelina-1.jpg
Recreações Esportivas de Multimodalidades;2026-05-20 20:45;2026-03-18 10:30;2026-12-30 20:45;14 Bis;Esporte e Atividade Física, aula aberta, recreação, Crianças;Gratuito;https://www.sescsp.org.br/programacao/recreacoes-esportivas-de-multimodalidades-2;https://www.sescsp.org.br/wp-content/uploads/2024/05/IMG_0041.jpg
Edson Cordeiro;2026-05-21 20:00;2026-05-21 20:00;2026-05-22 20:00;14 Bis;;Pago;https://www.sescsp.org.br/programacao/edson-cordeiro-5;https://www.sescsp.org.br/wp-content/uploads/2026/04/Edson-Cordeiro_foto-Necka-Ayala_1626-1.jpg
GMF Treino Coletivo;2026-05-21 20:00;2026-03-18 10:30;2026-12-30 20:00;14 Bis;Esporte e Atividade Física, ginástica multifuncional;Gratuito;https://www.sescsp.org.br/programacao/gmf-treino-coletivo-2;https://www.sescsp.org.br/wp-content/uploads/2024/05/IMG_0202.jpg
Caravana agroecológica: pé ante pé na conexão ancestral;2026-05-23 16:00;2026-05-23 09:00;2026-05-23 16:00;14 Bis;;Gratuito;https://www.sescsp.org.br/programacao/caravana-agroecologica-pe-ante-pe-na-conexao-ancestral;https://www.sescsp.org.br/wp-content/uploads/2026/04/caravana.jpg
ANNÁ Canta Gonzagão;2026-05-23 19:30;2026-05-23 18:00;2026-05-23 19:30;14 Bis;Música, show;Gratuito;https://www.sescsp.org.br/programacao/anna-canta-gonzagao-6;https://www.sescsp.org.br/wp-content/uploads/2026/04/Anna_FilipaAurelio3.jpg
Lia De Itamaracá;2026-05-23 20:00;2026-05-23 20:00;2026-05-24 18:00;14 Bis;;Pago;https://www.sescsp.org.br/programacao/lia-de-itamaraca-11;https://www.sescsp.org.br/wp-content/uploads/2026/04/Lia-de-Itamaraca-foto-Ytallo-Barreto-5.jpg
Vem fazer a Feira! Africanidades da terra e da alma;2026-05-24 15:00;2026-05-01 11:00;2026-05-31 15:00;14 Bis;;Gratuito;https://www.sescsp.org.br/programacao/vem-fazer-a-feira-agroecologia-hoje-para-garantir-o-amanha-2;https://www.sescsp.org.br/wp-content/uploads/2026/04/CBA_Caroba_7a.jpg
Clube do livro: Te Dou Minha Palavra;2026-05-26 21:00;2026-05-26 19:30;2026-05-26 21:00;14 Bis;Literatura, bate-papo;Gratuito;https://www.sescsp.org.br/programacao/clube-do-livro-te-dou-minha-palavra;https://www.sescsp.org.br/wp-content/uploads/2026/04/joselia-aguiar_credito_michel_arghirachis.jpg
Encontros e Afetos | Registros Audiovisuais no Espaço de Brincar;2026-05-28 18:00;2026-05-28 10:00;2026-05-30 18:00;14 Bis;;Gratuito;https://www.sescsp.org.br/programacao/encontros-e-afetos-registros-audiovisuais-no-espaco-de-brincar;https://www.sescsp.org.br/wp-content/uploads/2026/04/20250527_103456.jpg
Treino de Autodefesa;2026-05-28 20:00;2026-05-26 19:00;2026-05-28 20:00;14 Bis;;Gratuito;https://www.sescsp.org.br/programacao/treino-de-autodefesa;https://www.sescsp.org.br/wp-content/uploads/2026/04/IMG_0802.jpg
Eruca Sativa;2026-05-29 20:00;2026-05-29 20:00;2026-05-29 20:00;14 Bis;Música, show;Pago;https://www.sescsp.org.br/programacao/eruca-sativa;https://www.sescsp.org.br/wp-content/uploads/2026/04/Foto-x-Nacho-Arnedo-2.jpg
A Cortina Da Babá;2026-05-30 15:00;2026-05-30 15:00;2026-05-31 15:00;14 Bis;;Pago;https://www.sescsp.org.br/programacao/a-cortina-da-baba-4;https://www.sescsp.org.br/wp-content/uploads/2026/04/A-Cortina-da-Baba-Sobrevento-218.jpg
Bora trocar livros!;2026-05-30 17:00;2026-04-25 14:00;2026-08-30 17:00;14 Bis;Literatura;Gratuito;https://www.sescsp.org.br/programacao/bora-trocar-livros-4;https://www.sescsp.org.br/wp-content/uploads/2025/12/admin-ajax.png
Cachoeira de Memórias | O que você me conta?;2026-05-31 15:00;2026-05-28 10:00;2026-05-31 15:00;14 Bis;;Gratuito;https://www.sescsp.org.br/programacao/cachoeira-de-memorias-o-que-voce-me-conta;https://www.sescsp.org.br/wp-content/uploads/2026/04/Midia-9.jpg
PSE - Aula aberta de Jogos de Lutas;2026-06-02 20:00;2026-03-18 19:00;2026-12-30 20:00;14 Bis;Esporte e Atividade Física, aula aberta;Gratuito;https://www.sescsp.org.br/programacao/pse-aula-aberta-de-jogos-de-lutas;https://www.sescsp.org.br/wp-content/uploads/2023/09/aula-luta.png
Conexão Jovem;2026-07-10 20:00;2026-01-02 10:00;2026-12-30 20:00;14 Bis;Jovens;Gratuito;https://www.sescsp.org.br/programacao/conexao-jovem;https://www.sescsp.org.br/wp-content/uploads/2025/05/Emprestimo-de-jogos.png
Experimentações Sensoriais;2026-08-06 12:30;2026-03-19 10:30;2026-08-06 12:30;14 Bis;Crianças, vivência;Gratuito;https://www.sescsp.org.br/programacao/experimentacoes-sensoriais;https://www.sescsp.org.br/wp-content/uploads/2026/02/IMG_1041.jpg
PSE - Aula Aberta de Corrida;2026-08-14 20:30;2026-03-17 19:00;2026-12-20 20:30;14 Bis;Esporte e Atividade Física, aula aberta;Gratuito;https://www.sescsp.org.br/programacao/pse-aula-aberta-de-corrida;https://www.sescsp.org.br/wp-content/uploads/2023/11/29-08-2025-aula-corrida-FT-Nati-Dangelo_1857.jpg
Recreação Monitorada de Badminton;2026-09-03 14:00;2026-01-07 10:30;2026-12-20 14:00;14 Bis;Esporte e Atividade Física, recreação;Gratuito;https://www.sescsp.org.br/programacao/recreacao-monitorada-de-badminton;https://www.sescsp.org.br/wp-content/uploads/2025/12/recreacao-badminton_1.jpg
Movimento Consciente;2026-10-01 12:30;2026-04-17 10:30;2026-12-16 19:00;14 Bis;Esporte e Atividade Física, aula aberta;Gratuito;https://www.sescsp.org.br/programacao/movimento-consciente-30;https://www.sescsp.org.br/wp-content/uploads/2024/02/IMG_0207.jpg
Recreação Monitorada de Badminton;2026-10-25 14:00;2026-03-01 12:00;2026-12-20 14:00;14 Bis;Esporte e Atividade Física, recreação;Gratuito;https://www.sescsp.org.br/programacao/recreacao-monitorada-de-badminton-2;https://www.sescsp.org.br/wp-content/uploads/2025/12/recreacao-badminton_1.jpg
Recreação Monitorada de Tênis de Mesa;2026-10-31 18:30;2026-03-17 14:30;2026-12-20 18:30;14 Bis;Esporte e Atividade Física, recreação;Gratuito;https://www.sescsp.org.br/programacao/recreacao-monitorada-de-tenis-de-mesa-2;https://www.sescsp.org.br/wp-content/uploads/2025/12/tenis-de-mesa_2.jpg
Esporte Para Pessoas Idosas;2026-11-11 12:30;2026-03-18 11:30;2026-12-30 12:30;14 Bis;Esporte e Atividade Física, esporte para idosos (60+);Gratuito;https://www.sescsp.org.br/programacao/esporte-para-pessoas-idosas-2;https://www.sescsp.org.br/wp-content/uploads/2024/02/IMG_0885.jpg
Danças Afrocubanas: Ancestralidade e Cultura Afro-caribenha;2026-05-09 18:00;2026-05-09 10:30;2026-05-09 18:00;Centro de Pesquisa e Formação;;Gratuito;https://www.sescsp.org.br/programacao/dancas-afrocubanas-ancestralidade-e-cultura-afro-caribenha;https://www.sescsp.org.br/wp-content/uploads/2026/04/Danca-Afrocubana_Foto-Acervo-Pessoal_.png
Tomara que você seja deportado: uma viagem pela distopia americana;2026-05-12 17:00;2026-05-12 15:00;2026-05-12 17:00;Centro de Pesquisa e Formação;;Gratuito;https://www.sescsp.org.br/programacao/tomara-que-voce-seja-deportado-uma-viagem-pela-distopia-americana;https://www.sescsp.org.br/wp-content/uploads/2026/04/deportado.jpg
Poesia & Poeta: Traduzir Com Quem Escreve - 2° Edição;2026-05-12 21:30;2026-05-12 18:30;2026-05-14 21:30;Centro de Pesquisa e Formação;;Gratuito;https://www.sescsp.org.br/programacao/poesia-poeta-traduzir-com-quem-escreve-2-edicao;https://www.sescsp.org.br/wp-content/uploads/2026/04/Ilustrativa_traduzir_com-_quem_escreve-1.png
Técnica vocal, culturas da voz e integralidade por meio do treino;2026-05-13 13:00;2026-04-15 11:00;2026-05-15 13:00;Centro de Pesquisa e Formação;curso;Gratuito;https://www.sescsp.org.br/programacao/tecnica-vocal-culturas-da-voz-e-integralidade-por-meio-do-treino;https://www.sescsp.org.br/wp-content/uploads/2026/03/voz.jpg
Fotoclubismo e Modernidade;2026-05-13 15:23;2026-04-22 15:23;2026-05-13 15:23;Centro de Pesquisa e Formação;curso;Gratuito;https://www.sescsp.org.br/programacao/fotoclubismo-e-modernidade;https://www.sescsp.org.br/wp-content/uploads/2026/03/00_CPF_ABR_2026_ILUSTRATIVA_SITE_CPF37.jpg
[Online] 1º Colóquio Ordenamento do Território Nacional & Geodireito;2026-05-13 17:30;2026-05-13 14:00;2026-05-14 17:30;Centro de Pesquisa e Formação;;Gratuito;https://www.sescsp.org.br/programacao/online-1o-coloquio-ordenamento-do-territorio-nacional-geodireito;https://www.sescsp.org.br/wp-content/uploads/2026/04/imagem-do-coloquio.jpg.jpeg
Reggae in cena: mulheres do Maranhão;2026-05-13 19:30;2026-05-13 17:30;2026-05-13 19:30;Centro de Pesquisa e Formação;;Gratuito;https://www.sescsp.org.br/programacao/reggae-in-cena-mulheres-do-maranhao;https://www.sescsp.org.br/wp-content/uploads/2026/04/reggae.jpg
Dramaturgas Contemporâneas: Bonita;2026-05-13 21:00;2026-05-13 19:00;2026-05-13 21:00;Centro de Pesquisa e Formação;;Gratuito;https://www.sescsp.org.br/programacao/dramaturgas-contemporaneas-bonita;https://www.sescsp.org.br/wp-content/uploads/2026/04/dione.jpg
Onde Estão as Artistas Mulheres na História da Arte?;2026-05-13 21:30;2026-05-12 19:00;2026-05-14 21:30;Centro de Pesquisa e Formação;Artes Visuais, curso;Gratuito;https://www.sescsp.org.br/programacao/onde-estao-as-artistas-mulheres-na-historia-da-arte;https://www.sescsp.org.br/wp-content/uploads/2026/04/desenho-Suzana-Borges.jpg
Biomusicoterapia: uma musicoterapia inspirada na natureza;2026-05-14 12:30;2026-05-14 10:30;2026-05-14 12:30;Centro de Pesquisa e Formação;oficina;Gratuito;https://www.sescsp.org.br/programacao/biomusicoterapia-uma-musicoterapia-inspirada-na-natureza;https://www.sescsp.org.br/wp-content/uploads/2026/04/ondas.jpg
Vivência em Biomusicoterapia;2026-05-14 15:30;2026-05-07 14:30;2026-05-14 15:30;Centro de Pesquisa e Formação;curso, oficina, workshop;Gratuito;https://www.sescsp.org.br/programacao/vivencia-em-biomusicoterapia;https://www.sescsp.org.br/wp-content/uploads/2026/04/Biomusicoterapia-credito-Roger-Marza-produzido-em-Canvas-PNG.png
[Online] Curso de Gestão em Saúde - o impacto da saúde mental;2026-05-14 18:30;2026-04-16 15:00;2026-05-14 18:30;Centro de Pesquisa e Formação;curso;Gratuito;https://www.sescsp.org.br/programacao/online-curso-de-gestao-em-saude-o-impacto-da-saude-mental;https://www.sescsp.org.br/wp-content/uploads/2026/03/saude-online.jpg
Caminhos do Livro - Semana I;2026-05-14 21:30;2026-05-14 19:30;2026-05-15 21:30;Centro de Pesquisa e Formação;;Gratuito;https://www.sescsp.org.br/programacao/caminhos-do-livro-semana-i;https://www.sescsp.org.br/wp-content/uploads/2026/05/00_CAMINHOS_DO-_LIVRO_SITE_SESC.jpg
"Lançamento ""Siron Franco - pensamento Insubordinado""";2026-05-14 21:30;2026-05-14 19:30;2026-05-14 21:30;Centro de Pesquisa e Formação;;Gratuito;https://www.sescsp.org.br/programacao/lancamento-siron-franco-pensamento-insubordinado;https://www.sescsp.org.br/wp-content/uploads/2026/05/Siron-Franco_Pensamento-Insubordinado_Foto-Sergio-Guerini_3.jpg
Iniciação à Composição Musical;2026-05-15 12:30;2026-05-06 10:30;2026-05-20 12:30;Centro de Pesquisa e Formação;;Gratuito;https://www.sescsp.org.br/programacao/iniciacao-a-composicao-musical;https://www.sescsp.org.br/wp-content/uploads/2026/04/Marisa-Ramirez_Foto-Divulgacao.png
Ação Climática de São Paulo na Governança Global;2026-05-15 13:00;2026-05-15 11:00;2026-05-15 13:00;Centro de Pesquisa e Formação;;Gratuito;https://www.sescsp.org.br/programacao/acao-climatica-de-sao-paulo-na-governanca-global;https://www.sescsp.org.br/wp-content/uploads/2026/04/globo.jpg
[Online] Pensar Poesia: Módulo Virtual;2026-05-15 17:00;2026-05-08 14:00;2026-05-29 17:00;Centro de Pesquisa e Formação;;Gratuito;https://www.sescsp.org.br/programacao/online-pensar-poesia-modulo-virtual;https://www.sescsp.org.br/wp-content/uploads/2026/04/Pensar_poesia.jpeg
Artes Visuais Brasileiras e Diplomacia Cultural (1950-1970);2026-05-15 17:00;2026-04-17 15:00;2026-05-22 17:00;Centro de Pesquisa e Formação;curso;Gratuito;https://www.sescsp.org.br/programacao/artes-visuais-brasileiras-e-diplomacia-cultural-1950-1970;https://www.sescsp.org.br/wp-content/uploads/2026/03/pipe-a.jpg
Nietzsche, Fromm e a Terapia dos Outsiders ;2026-05-15 17:30;2026-05-08 15:00;2026-05-29 17:30;Centro de Pesquisa e Formação;Saúde, curso;Gratuito;https://www.sescsp.org.br/programacao/nietzsche-fromm-e-a-terapia-dos-outsiders;https://www.sescsp.org.br/wp-content/uploads/2026/04/Nietzsche-Fromm-e-a-Terapia-dos-Outsiders-.png
Lançamento Edições Sesc: Espeleosofias;2026-05-15 20:30;2026-05-15 19:30;2026-05-15 20:30;Centro de Pesquisa e Formação;;Gratuito;https://www.sescsp.org.br/programacao/lancamento-edicoes-sesc-espeleosofias;https://www.sescsp.org.br/wp-content/uploads/2026/04/Lancamento-Edicoes.png
Entre Ervas e Memórias: Saberes do Tempero Brasileiro;2026-05-15 21:00;2026-05-13 19:00;2026-05-15 21:00;Centro de Pesquisa e Formação;Alimentação, curso;Gratuito;https://www.sescsp.org.br/programacao/entre-ervas-e-memorias-saberes-do-tempero-brasileiro;https://www.sescsp.org.br/wp-content/uploads/2026/04/Divulgacao_gabi-pastro-arquivo-pessoal.jpeg
O Que o Corpo Aprende Quando Brinca?;2026-05-16 13:00;2026-05-16 10:30;2026-05-16 13:00;Centro de Pesquisa e Formação;;Gratuito;https://www.sescsp.org.br/programacao/o-que-o-corpo-aprende-quando-brinca;https://www.sescsp.org.br/wp-content/uploads/2026/04/Acervo-pessoal_Edi-Holanda_O-que-o-corpo-aprende-quando-brinca.jpeg
Jogos Teatrais Aplicados à Comunicação e Convivência: Práticas Para Lideranças;2026-05-16 17:30;2026-05-16 10:30;2026-05-16 17:30;Centro de Pesquisa e Formação;;Gratuito;https://www.sescsp.org.br/programacao/jogos-teatrais-aplicados-a-comunicacao-e-convivencia-praticas-para-liderancas;https://www.sescsp.org.br/wp-content/uploads/2026/04/Jogos-Teatrais.png
Entre Dados e Ancestralidade: Mojubá e o potencial antirracista do RPG;2026-05-16 18:00;2026-05-16 15:00;2026-05-16 18:00;Centro de Pesquisa e Formação;;Gratuito;https://www.sescsp.org.br/programacao/entre-dados-e-ancestralidade-mojuba-e-o-potencial-antirracista-do-rpg;https://www.sescsp.org.br/wp-content/uploads/2026/05/Mojuba_Foto-A-casa-do-mestre.jpeg
[Online] A Construção da Identidade Afrodescendente Por Meio Das Artes Visuais;2026-05-18 21:30;2026-05-11 19:30;2026-05-25 21:30;Centro de Pesquisa e Formação;Artes Visuais, curso;Gratuito;https://www.sescsp.org.br/programacao/online-a-construcao-da-identidade-afrodescendente-por-meio-das-artes-visuais;https://www.sescsp.org.br/wp-content/uploads/2026/04/Menino_.png
Permacultura na Cidade: Módulo 4 – Bioconstrução;2026-05-20 21:30;2026-05-20 19:00;2026-05-23 17:30;Centro de Pesquisa e Formação;;Gratuito;https://www.sescsp.org.br/programacao/permacultura-na-cidade-modulo-4-bioconstrucao;https://www.sescsp.org.br/wp-content/uploads/2026/04/Permacultura_Foto-Pedro-Taboca.png
Ciclo Formativo em Ciência Cidadã: Promoção de Vidas Ativas [módulo 1];2026-05-21 17:00;2026-05-21 14:00;2026-05-21 17:00;Centro de Pesquisa e Formação;Esporte e Atividade Física, palestra;Gratuito;https://www.sescsp.org.br/programacao/ciclo-formativo-em-ciencia-cidada-promocao-de-vidas-ativas-modulo-1;https://www.sescsp.org.br/wp-content/uploads/2026/04/Ciclo-formativo.png
Cidades Inteligentes e Adaptação às Mudanças Climáticas;2026-05-22 13:00;2026-05-22 11:00;2026-05-22 13:00;Centro de Pesquisa e Formação;;Gratuito;https://www.sescsp.org.br/programacao/cidades-inteligentes-e-adaptacao-as-mudancas-climaticas;https://www.sescsp.org.br/wp-content/uploads/2026/04/2-Cidades-inteligentes.-Smart_City_Wikipedia.jpg
Companhia de Danças de Diadema - 31 anos em movimento;2026-05-22 17:30;2026-05-08 15:30;2026-05-22 17:30;Centro de Pesquisa e Formação;espetáculo, encontro;Gratuito;https://www.sescsp.org.br/programacao/companhia-de-dancas-de-diadema-31-anos-em-movimento;https://www.sescsp.org.br/wp-content/uploads/2026/04/scinestesia_1_cred_Paulo_Cesar_Lima.jpg
Canções de Chico Buarque: Letra, Melodia e Arranjo;2026-05-22 17:30;2026-05-19 15:30;2026-05-29 17:30;Centro de Pesquisa e Formação;;Gratuito;https://www.sescsp.org.br/programacao/cancoes-de-chico-buarque-letra-melodia-e-arranjo;https://www.sescsp.org.br/wp-content/uploads/2026/04/cancoes-3.jpg
Caminhos do Livro - Semana II;2026-05-22 21:30;2026-05-21 19:30;2026-05-22 21:30;Centro de Pesquisa e Formação;;Gratuito;https://www.sescsp.org.br/programacao/caminhos-do-livro-semana-ii;https://www.sescsp.org.br/wp-content/uploads/2026/05/00_CAMINHOS_DO-_LIVRO_SITE_SESC.jpg
Leituras Dramáticas - A ridícula ideia de nunca mais te ver;2026-05-23 19:30;2026-05-23 18:00;2026-05-23 19:30;Centro de Pesquisa e Formação;espetáculo;Gratuito;https://www.sescsp.org.br/programacao/leituras-dramaticas-a-ridicula-ideia-de-nunca-mais-te-ver;https://www.sescsp.org.br/wp-content/uploads/2026/04/ChatGPT-Image-25-de-abr.-de-2026-11_15_28.png
Prosas Musicais - Samba na Pauliceia 90;2026-05-23 19:30;2026-05-23 18:00;2026-05-23 19:30;Centro de Pesquisa e Formação;;Gratuito;https://www.sescsp.org.br/programacao/prosas-musicais-samba-na-pauliceia-90;https://www.sescsp.org.br/wp-content/uploads/2026/04/tambourine-970343_640_Image-by-Rudy-and-Peter-Skitterians-from-Pixabay.jpg
Fotoperformance: Corpo, Cidade e Ação;2026-05-26 18:00;2026-05-26 14:00;2026-05-29 18:00;Centro de Pesquisa e Formação;Artes Visuais, curso;Gratuito;https://www.sescsp.org.br/programacao/fotoperformance-corpo-cidade-e-acao;https://www.sescsp.org.br/wp-content/uploads/2026/04/Fotoperformance-corpo-cidade-e-acao-Credito-Alex-Oliveira.jpg
Artes Performativas na Contemporaneidade I;2026-05-26 21:00;2026-05-12 19:00;2026-05-26 21:00;Centro de Pesquisa e Formação;Artes Visuais, curso;Gratuito;https://www.sescsp.org.br/programacao/artes-performativas-na-contemporaneidade-i;https://www.sescsp.org.br/wp-content/uploads/2026/04/fractal-7744358_640_De-utilizacao-gratuita-ao-abrigo-da-Licenca-de-Conteudo-do-Pixabay.jpg
Esporte Como Direito – Entre o Marco Legal e Experiência Vivida;2026-05-26 21:30;2026-05-26 19:30;2026-05-26 21:30;Centro de Pesquisa e Formação;Esporte e Atividade Física, bate-papo;Gratuito;https://www.sescsp.org.br/programacao/esporte-como-direito-entre-o-marco-legal-e-experiencia-vivida;https://www.sescsp.org.br/wp-content/uploads/2026/04/Divulgacao_pexels-malcolm-garret-3023588-14134115.jpg
Viver Bem Depois dos 60: Saúde Mental na Era Digital ;2026-05-27 12:15;2026-05-13 10:15;2026-05-27 12:15;Centro de Pesquisa e Formação;Pessoas Idosas;Gratuito;https://www.sescsp.org.br/programacao/viver-bem-depois-dos-60-saude-mental-na-era-digital;https://www.sescsp.org.br/wp-content/uploads/2026/04/60-mais-IA.png
5º Simpósio Internacional de Estudos sobre Futebol;2026-05-27 17:00;2026-05-27 10:30;2026-05-27 17:00;Centro de Pesquisa e Formação;;Gratuito;https://www.sescsp.org.br/programacao/5o-simposio-internacional-de-estudos-sobre-futebol;https://www.sescsp.org.br/wp-content/uploads/2026/04/simposio.jpg
Saúde Mental e Trabalho: Abordagens Sociais e Culturais;2026-05-27 18:00;2026-05-26 15:00;2026-05-28 18:00;Centro de Pesquisa e Formação;Saúde, curso;Gratuito;https://www.sescsp.org.br/programacao/saude-mental-e-trabalho-abordagens-sociais-e-culturais;https://www.sescsp.org.br/wp-content/uploads/2026/04/Imagem-gerada-por-IA-Gemini-magem-de-tabuleiro-de-jogo-neutro-com-pinos-2025.png
Autografias: Neurobehaviorismo Cognitivo – Ensaios de Filosofia da Psicologia;2026-05-27 20:30;2026-05-27 19:00;2026-05-27 20:30;Centro de Pesquisa e Formação;;Gratuito;https://www.sescsp.org.br/programacao/autografias-neurobehaviorismo-cognitivo-ensaios-de-filosofia-da-psicologia;https://www.sescsp.org.br/wp-content/uploads/2026/04/Capa-Livro.png
Texto, Imagem e Materialidade: O Livro Como Território Polifônico;2026-05-27 21:00;2026-05-13 19:00;2026-06-10 21:00;Centro de Pesquisa e Formação;Artes Visuais, curso;Gratuito;https://www.sescsp.org.br/programacao/texto-imagem-e-materialidade-o-livro-como-territorio-polifonico;https://www.sescsp.org.br/wp-content/uploads/2026/04/Texto-imagem-e-materialidade-o-livro-como-territorio-polifonico-Divulgacao.jpg
Isso é Uma Guerra: Diálogos Sociopolíticos no Rap do Facção Central;2026-05-27 21:30;2026-05-20 19:00;2026-06-03 21:30;Centro de Pesquisa e Formação;Música, curso;Gratuito;https://www.sescsp.org.br/programacao/isso-e-uma-guerra-dialogos-sociopoliticos-no-rap-do-faccao-central;https://www.sescsp.org.br/wp-content/uploads/2026/04/0c219e2e-6b3d-43dd-8277-deaa97c63ebb.png
Conhecimento e Capitalismo Digital;2026-05-28 17:30;2026-05-26 14:30;2026-05-28 17:30;Centro de Pesquisa e Formação;Ações para Cidadania, curso;Gratuito;https://www.sescsp.org.br/programacao/conhecimento-e-capitalismo-digital;https://www.sescsp.org.br/wp-content/uploads/2026/04/Sem-titulo.jpg
Caminhos do livro - Semana III;2026-05-28 21:30;2026-05-28 19:30;2026-05-29 21:30;Centro de Pesquisa e Formação;;Gratuito;https://www.sescsp.org.br/programacao/caminhos-do-livro-semana-iii;https://www.sescsp.org.br/wp-content/uploads/2026/05/00_CAMINHOS_DO-_LIVRO_SITE_SESC.jpg
A Inteligência das Águas: As Misteriosas Propriedades da Água Natural;2026-05-28 21:30;2026-05-28 19:00;2026-05-28 21:30;Centro de Pesquisa e Formação;;Gratuito;https://www.sescsp.org.br/programacao/a-inteligencia-das-aguas-as-misteriosas-propriedades-da-agua-natural;https://www.sescsp.org.br/wp-content/uploads/2026/04/Sem-titulo1.jpg
Ética no Processo Fotográfico Documental: Poder, Território e Representação;2026-05-28 21:30;2026-05-14 19:00;2026-05-28 21:30;Centro de Pesquisa e Formação;Artes Visuais, curso;Gratuito;https://www.sescsp.org.br/programacao/etica-no-processo-fotografico-documental-poder-territorio-e-representacao;https://www.sescsp.org.br/wp-content/uploads/2026/04/Revista-Piaui-Religioes-de-Matriz-Africana-Candomble-Olubaje-Fotos-Rodrigo-Zaim-29.jpg
Censura nas Artes e o Legado da Ditadura Militar;2026-05-29 13:00;2026-05-29 11:00;2026-05-29 13:00;Centro de Pesquisa e Formação;Ações para Cidadania, curso;Gratuito;https://www.sescsp.org.br/programacao/censura-nas-artes-e-o-legado-da-ditadura-militar;https://www.sescsp.org.br/wp-content/uploads/2026/04/1-Censura-nas-artes.-wall-silence-graffiti-street-art-art-sketch-809719-pxhere.com-Dominio-Publico.jpg
Na Ciranda do Tempo;2026-05-29 17:30;2026-05-29 15:30;2026-05-29 17:30;Centro de Pesquisa e Formação;;Gratuito;https://www.sescsp.org.br/programacao/na-ciranda-do-tempo;https://www.sescsp.org.br/wp-content/uploads/2026/04/Maria-Vilani_Foto-Rogerio-Alves.png
"Clube de Leitura: ""A cachorra"", de Pilar Quintana";2026-05-30 12:30;2026-05-30 11:00;2026-05-30 12:30;Centro de Pesquisa e Formação;;Gratuito;https://www.sescsp.org.br/programacao/clube-de-leitura-a-cachorra-de-pilar-quintana;https://www.sescsp.org.br/wp-content/uploads/2026/04/cachorra_pilar.jpg
Oficina de Mbira e Kalimba;2026-05-30 17:30;2026-05-30 14:00;2026-05-30 17:30;Centro de Pesquisa e Formação;;Gratuito;https://www.sescsp.org.br/programacao/oficina-de-mbira-e-kalimba-2;https://www.sescsp.org.br/wp-content/uploads/2026/04/Oficina-de-Mbira_Foto-Filipa-Aurelio.png
Diálogos Entre Educação e Literaturas Africanas;2026-05-30 18:00;2026-05-30 14:00;2026-05-30 18:00;Centro de Pesquisa e Formação;;Gratuito;https://www.sescsp.org.br/programacao/dialogos-entre-educacao-e-literaturas-africanas;https://www.sescsp.org.br/wp-content/uploads/2026/04/Dialogo-entre-educacao_Foto-Divulgacao.png
Clínica-ateliê de Voz e Escrita ;2026-06-02 16:00;2026-05-12 14:00;2026-06-02 16:00;Centro de Pesquisa e Formação;;Gratuito;https://www.sescsp.org.br/programacao/clinica-atelie-de-voz-e-escrita;https://www.sescsp.org.br/wp-content/uploads/2026/04/Voz_Arquivo-pessoal-Renata-Gelamo.png
Gestão do esporte para educadores: uma introdução;2026-06-11 17:00;2026-05-12 14:30;2026-07-09 17:00;Centro de Pesquisa e Formação;curso;Gratuito;https://www.sescsp.org.br/programacao/gestao-do-esporte-para-educadores-uma-introducao;https://www.sescsp.org.br/wp-content/uploads/2026/04/01_IGEPE_5a.edicao_1920x1080.jpg
Patrimônios Brasileiros Sensíveis em Debate: Hospitais-Colônias e Sanatórios;2026-06-11 21:30;2026-05-14 19:30;2026-06-11 21:30;Centro de Pesquisa e Formação;Saúde, curso;Gratuito;https://www.sescsp.org.br/programacao/patrimonios-brasileiros-sensiveis-em-debate-hospitais-colonias-e-sanatorios;https://www.sescsp.org.br/wp-content/uploads/2026/04/Patrimonios-brasileiros-sensiveis-em-debate-hospitais-colonias-e-sanatorios-Wikimedia-Commons-Museu_Osorio_Cesar-CC-BY-SA-4.0.jpg
Laboratório de Práticas: Gestão do Esporte e Bem-Estar Psicossocial;2026-06-17 21:00;2026-05-18 19:00;2026-08-03 21:00;Centro de Pesquisa e Formação;Esporte e Atividade Física, cursos;Gratuito;https://www.sescsp.org.br/programacao/laboratorio-de-praticas-gestao-do-esporte-e-bem-estar-psicossocial;https://www.sescsp.org.br/wp-content/uploads/2026/04/IA.png
Grupo de estudos em circo;2026-06-20 11:07;2026-04-18 11:07;2026-11-14 11:07;Centro de Pesquisa e Formação;curso;Gratuito;https://www.sescsp.org.br/programacao/grupo-de-estudos-em-circo;https://www.sescsp.org.br/wp-content/uploads/2026/02/Captura-de-Tela-2026-02-06-as-11.08.57.png
Direitos Humanos para Gestão Cultural: Teorias e práticas antidiscriminatória;2026-06-24 13:30;2026-05-13 10:30;2026-07-15 13:30;Centro de Pesquisa e Formação;curso;Gratuito;https://www.sescsp.org.br/programacao/direitos-humanos-para-gestao-cultural-teorias-e-praticas-antidiscriminatoria;https://www.sescsp.org.br/wp-content/uploads/2026/04/01_DHPGC_5a.edicao_800x400.jpg
Ilusionismo: Prática Profissional e a Construção do Impossível;2026-06-30 13:00;2026-05-12 11:00;2026-06-30 13:00;Centro de Pesquisa e Formação;Circo, curso;Gratuito;https://www.sescsp.org.br/programacao/ilusionismo-pratica-profissional-e-a-construcao-do-impossivel;https://www.sescsp.org.br/wp-content/uploads/2026/04/Ilusionismo.png
Ficções do Amor;2026-07-01 12:30;2026-05-13 10:30;2026-07-01 12:30;Centro de Pesquisa e Formação;Literatura, curso;Gratuito;https://www.sescsp.org.br/programacao/ficcoes-do-amor;https://www.sescsp.org.br/wp-content/uploads/2026/04/FiccoesDoAmor.jpg
[Online] Centros de Memória - fundamentos e perspectivas V;2026-07-15 21:00;2026-04-22 20:50;2026-07-15 21:00;Centro de Pesquisa e Formação;curso;Gratuito;https://www.sescsp.org.br/programacao/online-centros-de-memoria-fundamentos-e-perspectivas-v;https://www.sescsp.org.br/wp-content/uploads/2026/03/Cerimonia-devolucao-da-machadinha-aos-Kraho-credito-Alfredo-Rizzutti-Recuperado-copiar.jpg
Curso Sesc de Gestão Cultural 2026;2026-07-18 17:00;2026-03-14 19:00;2026-10-24 17:00;Centro de Pesquisa e Formação;curso;Gratuito;https://www.sescsp.org.br/programacao/curso-sesc-de-gestao-cultural-2026;https://www.sescsp.org.br/wp-content/uploads/2025/12/01_CSGC_2026_360x200.jpg
Acessibilidade para a gestão cultural: teorias e práticas anticapacitistas;2026-08-11 12:30;2026-04-27 10:00;2026-08-11 12:30;Centro de Pesquisa e Formação;curso;Gratuito;https://www.sescsp.org.br/programacao/acessibilidade-para-a-gestao-cultural-teorias-e-praticas-anticapacitistas-2;https://www.sescsp.org.br/wp-content/uploads/2026/01/00_APAGC_TEPA_ISITE_CPF_2026_OK.jpg
Grupo de Estudos Negros: Epistemologias e Metodologias Afrodiaspóricas;2026-08-15 13:00;2026-05-30 11:00;2026-10-24 13:00;Centro de Pesquisa e Formação;Ações para Cidadania, curso;Gratuito;https://www.sescsp.org.br/programacao/grupo-de-estudos-negros-epistemologias-e-metodologias-afrodiasporicas;https://www.sescsp.org.br/wp-content/uploads/2026/04/Grupo-de-Estudos-Negros.png
Curso Sesc de Gestão do Esporte  diversidade, cultura e lazer  2026/2027;2026-11-18 21:30;2026-08-17 19:00;2027-04-14 21:30;Centro de Pesquisa e Formação;;Gratuito;https://www.sescsp.org.br/programacao/curso-sesc-de-gestao-do-esporte-diversidade-cultura-e-lazer-2026-2027;https://www.sescsp.org.br/wp-content/uploads/2026/05/Captura-de-Tela-2026-05-04-as-13.47.25.png
O Drama;2026-05-09 20:00;2026-05-09 20:00;2026-05-13 17:30;CineSesc;Cinema e Vídeo, exibição;Pago;https://www.sescsp.org.br/programacao/o-drama;https://www.sescsp.org.br/wp-content/uploads/2026/04/O-Drama.jpg
Lampião, Governador do Sertão;2026-05-09 21:00;2026-04-06 00:00;2026-05-10 22:30;CineSesc;Cinema e Vídeo, exibição;Gratuito;https://www.sescsp.org.br/programacao/lampiao-governador-do-sertao;https://www.sescsp.org.br/wp-content/uploads/2026/04/0310_-Lampiao-Governador-do-Sertao-_-portal.jpg
Placar – A Revista Militante;2026-05-09 21:53;2026-04-06 00:00;2026-05-10 23:34;CineSesc;Cinema e Vídeo, exposição;Pago;https://www.sescsp.org.br/programacao/placar-a-revista-militante-3;https://www.sescsp.org.br/wp-content/uploads/2026/04/0310_-Placar-A-Revista-Militante-_-portal.jpg
Crítico;2026-05-09 23:59;2026-03-31 16:42;2026-05-19 23:59;CineSesc;Cinema e Vídeo, exibição;Gratuito;https://www.sescsp.org.br/programacao/critico-3;https://www.sescsp.org.br/wp-content/uploads/2026/03/0319_digfarol_critico-_-thumbG.jpg
Palavra Andarilha;2026-05-10 15:00;2026-05-10 14:00;2026-05-10 15:00;CineSesc;;Gratuito;https://www.sescsp.org.br/programacao/palavra-andarilha-3;https://www.sescsp.org.br/wp-content/uploads/2026/05/Casulo-Vijante.jpg
Aristogatas;2026-05-10 15:00;2026-05-10 15:00;2026-05-10 15:00;CineSesc;;Pago;https://www.sescsp.org.br/programacao/aristogatas-3;https://www.sescsp.org.br/wp-content/uploads/2026/05/Aristo.jpg
Betty Blue;2026-05-10 17:00;2026-05-10 17:00;2026-05-10 17:00;CineSesc;;Pago;https://www.sescsp.org.br/programacao/betty-blue;https://www.sescsp.org.br/wp-content/uploads/2026/05/Betty.jpg
Eu, Tu, Ele, Ela;2026-05-10 19:30;2026-05-10 19:30;2026-05-10 19:30;CineSesc;;Pago;https://www.sescsp.org.br/programacao/eu-tu-ele-ela-4;https://www.sescsp.org.br/wp-content/uploads/2026/05/eu-tu.jpg
Eu, Tu, Ele, Ela;2026-05-10 23:59;2026-03-31 16:44;2026-05-19 23:59;CineSesc;Cinema e Vídeo, exibição;Gratuito;https://www.sescsp.org.br/programacao/eu-tu-ele-ela-3;https://www.sescsp.org.br/wp-content/uploads/2026/03/0319_digfarol_eu-tu-ele-ela-_-thumbG.jpg
Eclipse;2026-05-11 20:00;2026-05-11 20:00;2026-05-11 20:00;CineSesc;;Pago;https://www.sescsp.org.br/programacao/eclipse-4;https://www.sescsp.org.br/wp-content/uploads/2026/04/eclipse.jpg
Cinema em Papel;2026-05-11 22:00;2024-10-17 13:15;2026-06-12 22:00;CineSesc;Artes Visuais, exposição, Cinema e Vídeo, exposição;Gratuito;https://www.sescsp.org.br/programacao/cinema-em-papel;https://www.sescsp.org.br/wp-content/uploads/2024/10/Marte_Um.png
O Evangelho da Revolução;2026-05-12 22:30;2026-05-12 20:00;2026-05-12 22:30;CineSesc;;Gratuito;https://www.sescsp.org.br/programacao/o-evangelho-da-revolucao;https://www.sescsp.org.br/wp-content/uploads/2026/05/evangelho.jpg
Noites De Cabíria;2026-05-13 20:00;2026-05-13 20:00;2026-05-13 20:00;CineSesc;;Pago;https://www.sescsp.org.br/programacao/noites-de-cabiria-2;https://www.sescsp.org.br/wp-content/uploads/2026/05/Noites-de-Cabiria.jpg
Os Cinemas de Cineastas Negras e o Audiovisual Periférico;2026-05-14 21:30;2026-05-05 19:00;2026-05-14 21:30;CineSesc;Cinema e Vídeo, curso;Gratuito;https://www.sescsp.org.br/programacao/os-cinemas-de-cineastas-negras-e-o-audiovisual-periferico;https://www.sescsp.org.br/wp-content/uploads/2026/04/Adelia20Sampaio_binary_223291-Foto-divulgacao-SPcine.jpeg
Durval Discos;2026-05-15 23:59;2026-03-31 16:37;2026-05-19 23:59;CineSesc;Cinema e Vídeo, exposição, exibição;Pago;https://www.sescsp.org.br/programacao/durval-discos-3;https://www.sescsp.org.br/wp-content/uploads/2026/03/0319_digfarol_durval-discos-_-thumbG.jpg
O Olhar do Diretor de Fotografia no Documentário;2026-05-19 22:00;2026-05-19 19:00;2026-05-26 22:00;CineSesc;;Gratuito;https://www.sescsp.org.br/programacao/o-olhar-do-diretor-de-fotografia-no-documentario;https://www.sescsp.org.br/wp-content/uploads/2026/05/Foto_Curso_Doc_2_2026-04-24-16-23-45.jpg
A Negação do Brasil;2026-05-19 23:59;2026-03-31 16:39;2026-05-19 23:59;CineSesc;Cinema e Vídeo, exibição;Gratuito;https://www.sescsp.org.br/programacao/a-negacao-do-brasil-3;https://www.sescsp.org.br/wp-content/uploads/2026/03/0319_digfarol_a-negacao-do-brasil-_-thumbG.jpg
Pepi, Luci, Bom e Outras Garotas de Montão;2026-05-19 23:59;2026-03-31 16:41;2026-05-19 23:59;CineSesc;Cinema e Vídeo, exibição;Gratuito;https://www.sescsp.org.br/programacao/pepi-luci-bom-e-outras-garotas-de-montao-2;https://www.sescsp.org.br/wp-content/uploads/2026/03/0319_digfarol_pepi-luci-bom-_-thumbG.jpg
O Futuro;2026-05-21 13:39;2026-04-06 00:00;2026-08-10 22:45;CineSesc;Cinema e Vídeo, exibição;Gratuito;https://www.sescsp.org.br/programacao/o-futuro;https://www.sescsp.org.br/wp-content/uploads/2026/04/0310_-O-Futuro-_-portal.jpg
A Cordilheira Dos Sonhos;2026-07-07 14:48;2026-02-10 14:48;2026-08-10 14:48;CineSesc;Cinema e Vídeo, exibição;Gratuito;https://www.sescsp.org.br/programacao/a-cordilheira-dos-sonhos;https://www.sescsp.org.br/wp-content/uploads/2026/02/0210_-A-Cordilheira-Dos-Sonhos-_-portal.jpg
Nostalgia Da Luz;2026-07-14 23:59;2026-02-10 14:41;2026-08-10 23:59;CineSesc;Cinema e Vídeo, exibição;Gratuito;https://www.sescsp.org.br/programacao/nostalgia-da-luz-3;https://www.sescsp.org.br/wp-content/uploads/2026/02/0210_-Nostalgia-Da-Luz-_-portal.jpg
Festa de Famila ;2026-07-20 23:59;2026-01-20 17:35;2026-07-20 23:59;CineSesc;Cinema e Vídeo, exibição;Gratuito;https://www.sescsp.org.br/programacao/festa-de-famila;https://www.sescsp.org.br/wp-content/uploads/2026/01/0120_-Festa-de-Famila-_-portal.jpg
O Botão De Pérola;2026-08-10 23:59;2026-02-10 14:35;2026-08-10 23:59;CineSesc;Cinema e Vídeo, exibição;Gratuito;https://www.sescsp.org.br/programacao/o-botao-de-perola-2;https://www.sescsp.org.br/wp-content/uploads/2026/02/0210_-O-Botao-De-Perola-_-portal.jpg
Experimentos Do Invisível;2026-05-09 19:30;2026-05-09 19:30;2026-05-10 17:30;Pompeia;Circo, espetáculo;Pago;https://www.sescsp.org.br/programacao/experimentos-do-invisivel-4;https://www.sescsp.org.br/wp-content/uploads/2026/03/Foto-Ricardo-Avellar_Alta-01.jpg
Uma Velha Canção, Quase Esquecida;2026-05-09 20:00;2026-05-09 20:00;2026-05-22 20:00;Pompeia;Teatro;Pago;https://www.sescsp.org.br/programacao/uma-velha-cancao-quase-esquecida;https://www.sescsp.org.br/wp-content/uploads/2026/04/BL3A9454_UMA_VELHA_CANCAO_RONALDO_GUTIERREZ_2026-04-15-21-41-56.jpg
Cidadão Instigado;2026-05-09 21:00;2026-05-09 21:00;2026-05-09 21:00;Pompeia;;Pago;https://www.sescsp.org.br/programacao/cidadao-instigado-2;https://www.sescsp.org.br/wp-content/uploads/2026/04/20250215_cidadaoinstigado_0601_1_2026-03-20-15-44-58.jpg
A Botija, um pequeno inventário de histórias fantásticas do nordeste brasileiro;2026-05-10 17:30;2026-05-08 16:30;2026-05-17 17:30;Pompeia;;Gratuito;https://www.sescsp.org.br/programacao/a-botija-um-pequeno-inventario-de-historias-fantasticas-do-nordeste-brasileiro-6;https://www.sescsp.org.br/wp-content/uploads/2026/04/A_BOTIJA_Leonardo_Souzza_2_2026-04-14-15-47-0.jpg
Esporte Jovem | 10 a 13 anos;2026-05-12 16:30;2026-02-03 14:30;2026-06-30 16:30;Pompeia;Esporte e Atividade Física, cursos;Gratuito;https://www.sescsp.org.br/programacao/esporte-jovem-10-a-13-anos-terca-14h30-quinta-14h30;https://www.sescsp.org.br/wp-content/uploads/2026/02/IMG_0924.jpg
Retomadas: Manguezais e Comunidades Tradicionais;2026-05-12 21:00;2026-05-05 19:00;2026-05-29 15:00;Pompeia;Ações para Cidadania, curso;Gratuito;https://www.sescsp.org.br/programacao/retomadas-manguezais-e-comunidades-tradicionais;https://www.sescsp.org.br/wp-content/uploads/2026/04/Manguezal_Pernambuco_2.jpg
Comunicação Esportiva - produção, reportagem, apresentação e narração;2026-05-12 21:00;2026-04-14 19:30;2026-05-21 21:00;Pompeia;Esporte e Atividade Física, cursos, vivência;Gratuito;https://www.sescsp.org.br/programacao/comunicacao-esportiva-producao-reportagem-apresentacao-e-narracao;https://www.sescsp.org.br/wp-content/uploads/2026/04/Comunicacao-Esportiva-1.png
Ateliê Aberto de Tecnologias e Artes - Arquiteturas e Texturas;2026-05-13 17:30;2026-04-29 15:30;2026-06-24 17:30;Pompeia;Tecnologias e Artes, oficina;Gratuito;https://www.sescsp.org.br/programacao/atelie-aberto-de-tecnologias-e-artes-arquiteturas-e-texturas;https://www.sescsp.org.br/wp-content/uploads/2026/04/arquiteturas_e_texturas_2026-02-12-18-03-15-1.jpg
Lançamento do Livro 'Terapia-Cognitivo-Comportamental para a População Negra';2026-05-13 21:30;2026-05-13 18:30;2026-05-13 21:30;Pompeia;;Gratuito;https://www.sescsp.org.br/programacao/lancamento-do-livro-terapia-cognitivo-comportamental-para-a-populacao-negra;https://www.sescsp.org.br/wp-content/uploads/2026/04/brunoreis.png
Tinta Acrílica e Linha: Figura da Mulher Negra;2026-05-13 22:00;2026-03-25 19:00;2026-07-01 22:00;Pompeia;Tecnologias e Artes, curso;Gratuito;https://www.sescsp.org.br/programacao/tinta-acrilica-e-linha-figura-da-mulher-negra;https://www.sescsp.org.br/wp-content/uploads/2026/02/negana_2_2025-10-19-14-43-22.png
Fotografia Analógica: do Clique até a Cópia - Introdução;2026-05-13 22:00;2026-03-25 19:00;2026-07-01 22:00;Pompeia;Tecnologias e Artes, curso;Gratuito;https://www.sescsp.org.br/programacao/fotografia-analogica-do-clique-ate-a-copia-introducao-3;https://www.sescsp.org.br/wp-content/uploads/2024/07/edison-angeloni.png
Escultura Figurativa - Modelagem da Figura Humana;2026-05-14 12:30;2026-03-26 09:30;2026-07-02 12:30;Pompeia;Tecnologias e Artes, curso;Gratuito;https://www.sescsp.org.br/programacao/escultura-figurativa-modelagem-da-figura-humana-2;https://www.sescsp.org.br/wp-content/uploads/2024/07/modelagem-figura-humana.png
Introdução à Tecelagem;2026-05-14 17:30;2026-03-26 14:30;2026-07-02 17:30;Pompeia;Tecnologias e Artes, curso;Gratuito;https://www.sescsp.org.br/programacao/introducao-a-tecelagem-5;https://www.sescsp.org.br/wp-content/uploads/2025/04/Oficina-Textil_ThiagoLima-03.jpg
Bione (PE);2026-05-14 21:00;2026-05-14 21:00;2026-05-14 21:00;Pompeia;;Pago;https://www.sescsp.org.br/programacao/bione-pe;https://www.sescsp.org.br/wp-content/uploads/2026/04/design-sem-nome-2026-03-09t191519794.jpg
Tecelagem Intermediário;2026-05-14 22:00;2026-03-26 19:00;2026-07-02 22:00;Pompeia;Tecnologias e Artes, curso;Gratuito;https://www.sescsp.org.br/programacao/tecelagem-intermediario-2;https://www.sescsp.org.br/wp-content/uploads/2025/04/Oficina-Textil_ThiagoLima-03.jpg
nas palavras de JORGE: na língua DOS ANJOS;2026-05-15 15:30;2026-05-15 14:00;2026-05-15 15:30;Pompeia;;Gratuito;https://www.sescsp.org.br/programacao/nas-palavras-de-jorge-na-lingua-dos-anjos;https://www.sescsp.org.br/wp-content/uploads/2026/05/nas-palavras-de-JORGE_-na-lingua-dos-Anjos-Foto_-Clarice-Ambrozio-.jpg
Bate-papo: Virgínia, Lélia e Neusa - Legado de uma psicanálise anticolonial;2026-05-15 20:30;2026-05-15 19:00;2026-05-15 20:30;Pompeia;;Gratuito;https://www.sescsp.org.br/programacao/bate-papo-virginia-lelia-e-neusa-legado-de-uma-psicanalise-anticolonial;https://www.sescsp.org.br/wp-content/uploads/2026/04/Bate_papo_Virginia_Lelia_Neusa.png
Orquestra Voadora;2026-05-15 21:00;2026-05-15 21:00;2026-05-15 21:00;Pompeia;Música, show;Pago;https://www.sescsp.org.br/programacao/orquestra-voadora;https://www.sescsp.org.br/wp-content/uploads/2026/04/credito_Guga_Millet_1.jpg_2026-02-03-15-55-2.png
Práticas Aquáticas | 6 a 12 anos;2026-05-16 11:30;2026-02-03 14:30;2026-12-31 15:30;Pompeia;Esporte e Atividade Física;Gratuito;https://www.sescsp.org.br/programacao/praticas-aquaticas-6-a-12-anos-10;https://www.sescsp.org.br/wp-content/uploads/2026/02/07.31.2022_FimdeSemana_GeeGalvao2193.jpg
Observação de Aves;2026-05-16 12:00;2026-05-16 08:00;2026-05-16 12:00;Pompeia;Meio Ambiente, vivência;Gratuito;https://www.sescsp.org.br/programacao/observacao-de-aves-37;https://www.sescsp.org.br/wp-content/uploads/2026/04/ac60ea_01437b408d254d36927097e6c35d07cd.jpg
Moda e Afetos: Laboratório de Processos Criativos e Narrativas Autorais;2026-05-16 13:30;2026-05-09 10:30;2026-06-27 13:30;Pompeia;Tecnologias e Artes, curso;Gratuito;https://www.sescsp.org.br/programacao/moda-e-afetos-laboratorio-de-processos-criativos-e-narrativas-autorais;https://www.sescsp.org.br/wp-content/uploads/2026/04/8U3A3605.jpg
Lab em Casa: Revelação Fotográfica com Ingredientes Alternativos;2026-05-16 13:30;2026-03-28 10:30;2026-07-04 13:30;Pompeia;Tecnologias e Artes, curso;Gratuito;https://www.sescsp.org.br/programacao/lab-em-casa-revelacao-fotografica-com-ingredientes-alternativos-2;https://www.sescsp.org.br/wp-content/uploads/2024/07/revelacao-ingredientes-ft-Mauricio-Sapata-.png
Boca em Ritmo - Saúde Bucal Para Quem Faz Beatbox;2026-05-16 15:30;2026-05-16 14:00;2026-05-16 15:30;Pompeia;;Gratuito;https://www.sescsp.org.br/programacao/boca-em-ritmo-saude-bucal-para-quem-faz-beatbox;https://www.sescsp.org.br/wp-content/uploads/2026/05/IMG_7721.jpg
Folhas De Outono;2026-05-16 17:00;2026-05-16 17:00;2026-05-17 17:00;Pompeia;;Pago;https://www.sescsp.org.br/programacao/folhas-de-outono-4;https://www.sescsp.org.br/wp-content/uploads/2026/04/maxresdefault_2025-12-12-17-47-28.jpg
Oficinas para Iniciantes - 1º Semestre de 2026;2026-05-16 17:00;2026-03-07 14:00;2026-06-27 17:00;Pompeia;;Gratuito;https://www.sescsp.org.br/programacao/oficinas-para-iniciantes-1o-semestre-de-2026;https://www.sescsp.org.br/wp-content/uploads/2025/02/8U3A3320.jpg
Desenho Espontâneo - Para Iniciantes;2026-05-16 17:00;2026-01-10 14:00;2026-07-04 17:00;Pompeia;Tecnologias e Artes, oficina;Gratuito;https://www.sescsp.org.br/programacao/desenho-espontaneo-para-iniciantes;https://www.sescsp.org.br/wp-content/uploads/2025/02/desenho-de-obervacao-35.jpg
Pagode da Dandá;2026-05-16 18:00;2026-05-16 16:00;2026-05-16 18:00;Pompeia;;Gratuito;https://www.sescsp.org.br/programacao/pagode-da-danda-5;https://www.sescsp.org.br/wp-content/uploads/2026/05/Captura-de-tela-2026-05-09-164240.png
Seu Pereira e Coletivo 401;2026-05-16 21:00;2026-05-16 21:00;2026-05-16 21:00;Pompeia;;Pago;https://www.sescsp.org.br/programacao/seu-pereira-e-coletivo-401-3;https://www.sescsp.org.br/wp-content/uploads/2026/04/Seu_Pereira_e_Coletivo_401_2026-01-29-22-07-52.jpg
Laboratório para a Pessoa Idosa: Álbum de Família;2026-05-19 17:00;2026-05-12 14:00;2026-06-30 17:00;Pompeia;Tecnologias e Artes, curso, Pessoas Idosas;Gratuito;https://www.sescsp.org.br/programacao/laboratorio-para-a-pessoa-idosa-album-de-familia;https://www.sescsp.org.br/wp-content/uploads/2026/04/credito-da-Foto-Manelud-Breno-Rotatori.jpg
Construção de Pandeiro Quadrado;2026-05-19 17:00;2026-04-12 15:00;2026-05-21 17:00;Pompeia;oficina;Gratuito;https://www.sescsp.org.br/programacao/construcao-de-pandeiro-quadrado;https://www.sescsp.org.br/wp-content/uploads/2026/03/WhatsApp_Image_2026_03_20_at_15.16.04_2026-03-22-18-13-28.jpeg
Tecelagem Artística Avançada;2026-05-19 17:30;2026-03-24 14:30;2026-06-30 17:30;Pompeia;Tecnologias e Artes, curso;Gratuito;https://www.sescsp.org.br/programacao/tecelagem-artistica-avancada;https://www.sescsp.org.br/wp-content/uploads/2025/04/Oficina-Textil_ThiagoLima-03.jpg
KapuLab¹: Processo Criativo Artístico em Vídeo;2026-05-19 21:00;2026-05-19 19:00;2026-05-19 21:00;Pompeia;Tecnologias e Artes, bate-papo;Gratuito;https://www.sescsp.org.br/programacao/kapulab%c2%b9-processo-criativo-artistico-em-video;https://www.sescsp.org.br/wp-content/uploads/2026/04/NataliMamani_2026-04-24-16-07-.jpeg
Desenho e Gravura de Observação;2026-05-20 17:30;2026-05-06 14:30;2026-06-24 17:30;Pompeia;Tecnologias e Artes, curso;Gratuito;https://www.sescsp.org.br/programacao/desenho-e-gravura-de-observacao;https://www.sescsp.org.br/wp-content/uploads/2024/12/Oficina-de-encadernacao-e-desenho-de-observacao_-Foto_Rafa_Black.jpg
Clube de Leitura - A Racialização no Divã;2026-05-20 21:00;2026-05-06 19:30;2026-05-27 21:00;Pompeia;;Gratuito;https://www.sescsp.org.br/programacao/clube-de-leitura-a-racializacao-no-diva;https://www.sescsp.org.br/wp-content/uploads/2026/04/Clube_de_leitura_racializacao_do_diva.png
Letramento LGBTQIAPN+ em Libras;2026-05-20 22:00;2026-05-20 18:00;2026-05-20 22:00;Pompeia;;Gratuito;https://www.sescsp.org.br/programacao/letramento-lgbtqiapn-em-libras;https://www.sescsp.org.br/wp-content/uploads/2026/05/Design-sem-nome-2.jpg
Artesanias em projetos artísticos;2026-05-20 22:00;2026-05-06 19:00;2026-06-24 22:00;Pompeia;Tecnologias e Artes, curso;Gratuito;https://www.sescsp.org.br/programacao/artesanias-em-projetos-artisticos;https://www.sescsp.org.br/wp-content/uploads/2026/04/Imagem-de-divulgacao-artesanias-em-projetos-artisticos-1-1.jpg
Vitoria Faria (SP);2026-05-21 21:00;2026-05-21 21:00;2026-05-21 21:00;Pompeia;;Pago;https://www.sescsp.org.br/programacao/vitoria-faria-sp;https://www.sescsp.org.br/wp-content/uploads/2026/05/Vitoria_Faria_92_2026-04-23-14-20-55.jpeg
Tapeçaria em Agulha Mágica e Pedrarias;2026-05-22 12:30;2026-05-08 09:30;2026-06-26 12:30;Pompeia;Tecnologias e Artes, curso;Gratuito;https://www.sescsp.org.br/programacao/tapecaria-em-agulha-magica-e-pedrarias;https://www.sescsp.org.br/wp-content/uploads/2026/04/AgulhaMagicaePedrarias-FONTEAdrianaBragotto2.png
Jorge dos Anjos e a Identidade Negra Afrodiaspórica;2026-05-22 15:30;2026-05-22 14:00;2026-05-22 15:30;Pompeia;;Gratuito;https://www.sescsp.org.br/programacao/jorge-dos-anjos-e-a-identidade-negra-afrodiasporica;https://www.sescsp.org.br/wp-content/uploads/2026/05/sem-titulo-foto_acervo-do-artista-in-sescsp.org_.br-httpswww.sescsp.org_.breditoriala-arte-de-jorge-dos-anjos-chega-ao-sesc-pompeia-em-nova-exposicao.jpg
Processos Fotográficos - Vivência em laboratório fotográfico;2026-05-22 17:30;2026-05-08 14:30;2026-06-26 17:30;Pompeia;oficina;Gratuito;https://www.sescsp.org.br/programacao/processos-fotograficos-vivencia-em-laboratorio-fotografico;https://www.sescsp.org.br/wp-content/uploads/2025/07/8U3A3777.jpg
Cerâmicas do Brasil: um olhar sobre produções regionais e seus modos de fazer;2026-05-23 13:30;2026-05-16 10:30;2026-06-27 13:30;Pompeia;Tecnologias e Artes, curso;Gratuito;https://www.sescsp.org.br/programacao/ceramicas-do-brasil-um-olhar-sobre-producoes-regionais-e-seus-modos-de-fazer-2;https://www.sescsp.org.br/wp-content/uploads/2026/04/jean_vidal_1_2026-02-03-17-10-20.jpg
LabIN - Máquina de Desenho;2026-05-23 17:00;2026-05-23 14:00;2026-05-23 17:00;Pompeia;Tecnologias e Artes, oficina, para crianças;Gratuito;https://www.sescsp.org.br/programacao/labin-maquina-de-desenho;https://www.sescsp.org.br/wp-content/uploads/2026/04/MAQ_DESENHO_06.jpg
Desenho com Nanquim;2026-05-23 17:00;2026-05-02 14:00;2026-05-30 17:00;Pompeia;Tecnologias e Artes, oficina;Gratuito;https://www.sescsp.org.br/programacao/desenho-com-nanquim-2;https://www.sescsp.org.br/wp-content/uploads/2024/12/8U3A3119.jpg
Necessaire Fácil com Zíper;2026-05-23 17:00;2026-05-02 14:00;2026-05-30 17:00;Pompeia;Tecnologias e Artes, oficina;Gratuito;https://www.sescsp.org.br/programacao/necessaire-facil-com-ziper;https://www.sescsp.org.br/wp-content/uploads/2026/04/costura-1.jpg
Oficina de marcenaria básica;2026-05-23 17:00;2026-05-02 14:00;2026-05-30 17:00;Pompeia;Tecnologias e Artes, oficina;Gratuito;https://www.sescsp.org.br/programacao/oficina-de-marcenaria-basica;https://www.sescsp.org.br/wp-content/uploads/2026/03/marcenaria.jpg
Iniciação na Cerâmica;2026-05-23 17:00;2026-05-09 14:00;2026-05-30 17:00;Pompeia;Tecnologias e Artes, oficina;Gratuito;https://www.sescsp.org.br/programacao/iniciacao-na-ceramica;https://www.sescsp.org.br/wp-content/uploads/2026/04/08.17.24-Oficina-de-Cogobo-Atelie-de-Ceramica-Triade-Tour-O-Tempo-que-Passou-Fotos-Alexandre-Leopoldino-32.jpg
Boi da Garoa e Mestres do Cavalo Marinho Pernambucano;2026-05-23 19:00;2026-05-23 18:00;2026-05-24 14:00;Pompeia;;Gratuito;https://www.sescsp.org.br/programacao/boi-da-garoa-e-mestres-do-cavalo-marinho-pernambucano-2;https://www.sescsp.org.br/wp-content/uploads/2026/05/Oficina_de_Cavalo_Marinho_2026-01-20-19-15-40.png
Getúlio Abelha;2026-05-23 21:00;2026-05-23 21:00;2026-05-23 21:00;Pompeia;;Pago;https://www.sescsp.org.br/programacao/getulio-abelha-6;https://www.sescsp.org.br/wp-content/uploads/2026/04/Getulio_Abelha_Foto_Div_05_@Julyelly_Roberta_2026-04-27-18-39-01.jpg
Selva Noturna;2026-05-23 22:15;2026-05-23 21:30;2026-05-23 22:15;Pompeia;;Gratuito;https://www.sescsp.org.br/programacao/selva-noturna;https://www.sescsp.org.br/wp-content/uploads/2026/05/Selva-Noturna-2.jpeg
Suaveciclo;2026-05-23 23:00;2026-05-23 19:30;2026-05-23 23:00;Pompeia;Artes Visuais, performance, para todos os públicos;Gratuito;https://www.sescsp.org.br/programacao/suaveciclo;https://www.sescsp.org.br/wp-content/uploads/2026/04/2019_10_bielanoc_bratislavaweb_11_copy_2025-12-27-15-59-57.jpg
Atoinvenção Festa da Fúria - Série Vândalas Mascaradas;2026-05-23 23:30;2026-05-23 23:00;2026-05-23 23:30;Pompeia;Artes Visuais, performance;Gratuito;https://www.sescsp.org.br/programacao/atoinvencao-festa-da-furia-serie-vandalas-mascaradas;https://www.sescsp.org.br/wp-content/uploads/2026/04/IMG_6813.jpg
Dead Fish;2026-05-24 00:00;2026-05-24 00:00;2026-05-24 00:00;Pompeia;;Pago;https://www.sescsp.org.br/programacao/dead-fish-12;https://www.sescsp.org.br/wp-content/uploads/2026/04/Design-sem-nome-3-1.jpg
Manhã Zen;2026-05-24 11:30;2026-02-08 10:30;2026-12-27 11:30;Pompeia;Esporte e Atividade Física, aula aberta;Gratuito;https://www.sescsp.org.br/programacao/manha-zen-6;https://www.sescsp.org.br/wp-content/uploads/2026/02/MicrosoftTeams_image_7_2023-01-17-16-46-4.png
Os Coloridos;2026-05-24 12:00;2026-05-24 11:00;2026-05-24 12:00;Pompeia;;Gratuito;https://www.sescsp.org.br/programacao/os-coloridos-26;https://www.sescsp.org.br/wp-content/uploads/2026/05/os_coloridos_Mariana_Ser_2026-04-16-16-29-44.jpg
Pra Não Secar;2026-05-24 13:00;2026-05-23 18:30;2026-05-24 13:00;Pompeia;;Gratuito;https://www.sescsp.org.br/programacao/pra-nao-secar;https://www.sescsp.org.br/wp-content/uploads/2026/05/FOTO-DIVULGACAO-02-PRA-NAO-SECAR-2.jpg
Xilogravura: Monocromia e Policromia;2026-05-26 12:30;2026-03-24 09:30;2026-06-30 12:30;Pompeia;Tecnologias e Artes, curso;Gratuito;https://www.sescsp.org.br/programacao/xilogravura-monocromia-e-policromia;https://www.sescsp.org.br/wp-content/uploads/2026/02/20231213_170455_2024_01_31_16_06_21_2025-11-25-21-11-51.jpg
Tirando do Papel: Modelagem de Revista;2026-05-26 17:30;2026-03-24 14:30;2026-06-30 17:30;Pompeia;Tecnologias e Artes, curso;Gratuito;https://www.sescsp.org.br/programacao/tirando-do-papel-modelagem-de-revista-com-carmem-costa;https://www.sescsp.org.br/wp-content/uploads/2024/12/8U3A3549.jpg
Gumprint Policromática;2026-05-26 22:00;2026-03-24 19:00;2026-06-30 22:00;Pompeia;Tecnologias e Artes, curso;Gratuito;https://www.sescsp.org.br/programacao/gumprint-policromatica-2;https://www.sescsp.org.br/wp-content/uploads/2025/03/gumprint___cleiri_cardoso_2025-02-06-17-37-54.jpg
Fábrica do Soul com Festa Salve;2026-05-27 19:30;2026-05-27 19:30;2026-05-27 19:30;Pompeia;;Pago;https://www.sescsp.org.br/programacao/fabrica-do-soul-com-festa-salve;https://www.sescsp.org.br/wp-content/uploads/2026/04/SALVE-no-Sesc-Pompeia-🤎Dia-27-tem-edicao-especial-da-Salve-com-dress-code-marrom-em-um-dos-espa.jpg
Cerâmica em torno - Introdução;2026-05-27 22:00;2026-05-06 19:00;2026-06-24 22:00;Pompeia;Tecnologias e Artes, curso;Gratuito;https://www.sescsp.org.br/programacao/ceramica-em-torno-introducao;https://www.sescsp.org.br/wp-content/uploads/2026/04/eng_2024_01_11_16_33_29_2025-10-21-21-15-01.jpg
Introdutório às Técnicas da Arte de Marchetaria Maciça;2026-05-28 12:30;2026-03-26 09:30;2026-07-02 12:30;Pompeia;Tecnologias e Artes, curso;Gratuito;https://www.sescsp.org.br/programacao/introdutorio-as-tecnicas-da-arte-de-marchetaria-macica;https://www.sescsp.org.br/wp-content/uploads/2024/07/marcenaria.png
Pintura de Plantas de Proteção e de Sorte;2026-05-28 17:30;2026-03-26 14:30;2026-07-02 17:30;Pompeia;Tecnologias e Artes, curso;Gratuito;https://www.sescsp.org.br/programacao/pintura-de-plantas-de-protecao-e-de-sorte;https://www.sescsp.org.br/wp-content/uploads/2026/02/Captura_de_tela_2025_10_14_202459_2025-10-14-20-25-41.png
Marcelo Cabral;2026-05-28 20:00;2026-05-28 20:00;2026-05-28 20:00;Pompeia;Música, show;Pago;https://www.sescsp.org.br/programacao/marcelo-cabral-2;https://www.sescsp.org.br/wp-content/uploads/2026/04/foto3_CABRAL_Aline_Belfort_2026-01-27-20-29-27.jpg
Exclusive Os Cabides (SC);2026-05-28 21:00;2026-05-28 21:00;2026-05-28 21:00;Pompeia;;Pago;https://www.sescsp.org.br/programacao/exclusive-os-cabides-sc;https://www.sescsp.org.br/wp-content/uploads/2026/04/Fotos_por_@shay___ng_4_2026-02-03-16-37-05.jpg
Iniciação em Gravura em Metal;2026-05-29 12:30;2026-05-08 09:30;2026-06-26 12:30;Pompeia;Tecnologias e Artes, curso;Gratuito;https://www.sescsp.org.br/programacao/iniciacao-em-gravura-em-metal;https://www.sescsp.org.br/wp-content/uploads/2026/04/kika_2025-11-19-20-18-44.png
Costurar Memórias: Geometria, Corpo e Ancestralidade;2026-05-29 15:30;2026-05-29 14:00;2026-05-29 15:30;Pompeia;;Gratuito;https://www.sescsp.org.br/programacao/costurar-memorias-geometria-corpo-e-ancestralidade;https://www.sescsp.org.br/wp-content/uploads/2026/05/Costurar-Memorias_-Geometria-corpo-e-ancestralidade-Foto_-Rosane-Silva-.jpg
De pertinho;2026-05-29 16:00;2026-05-26 10:00;2026-05-31 16:00;Pompeia;;Gratuito;https://www.sescsp.org.br/programacao/de-pertinho;https://www.sescsp.org.br/wp-content/uploads/2026/05/Espaco-de-Brincar-no-Pompeia.jpeg
Geovana;2026-05-29 20:00;2026-05-29 20:00;2026-05-29 20:00;Pompeia;;Pago;https://www.sescsp.org.br/programacao/geovana-4;https://www.sescsp.org.br/wp-content/uploads/2026/04/FotoAltaGeovanaMarianaCaldasdeOliveira1_2026-02-25-17-55-44.jpeg
Bate-Papo: Saúde Mental e Novos Caminhos;2026-05-29 20:30;2026-05-29 19:00;2026-05-29 20:30;Pompeia;Literatura, bate-papo, para todos os públicos;Gratuito;https://www.sescsp.org.br/programacao/bate-papo-saude-mental-e-novos-caminhos;https://www.sescsp.org.br/wp-content/uploads/2026/04/Design-sem-nome-31.png
Tagua Tagua;2026-05-29 21:00;2026-05-29 21:00;2026-05-29 21:00;Pompeia;;Pago;https://www.sescsp.org.br/programacao/tagua-tagua-6;https://www.sescsp.org.br/wp-content/uploads/2026/05/TAGUA6RAIO__credits_ThiagoDias_2026-02-19-17-44-59.jpg
Introdução à Marcenaria Para Mulheres;2026-05-30 13:30;2026-03-28 10:30;2026-07-04 13:30;Pompeia;Tecnologias e Artes, curso;Gratuito;https://www.sescsp.org.br/programacao/introducao-a-marcenaria-para-mulheres-2;https://www.sescsp.org.br/wp-content/uploads/2024/07/marcenaria.png
LabIN - Tenda Lúcida;2026-05-30 17:00;2026-05-02 14:00;2026-05-30 17:00;Pompeia;Tecnologias e Artes, para crianças, ateliê para família;Gratuito;https://www.sescsp.org.br/programacao/labin-tenda-lucida;https://www.sescsp.org.br/wp-content/uploads/2026/04/TENDA-LUCIDA_06.jpg
Oficina de revelação e ampliação analógica;2026-05-30 17:00;2026-05-09 14:00;2026-06-27 17:00;Pompeia;;Gratuito;https://www.sescsp.org.br/programacao/oficina-de-revelacao-e-ampliacao-analogica-5;https://www.sescsp.org.br/wp-content/uploads/2026/04/fotografia_1-1.jpg
Karnak;2026-05-30 20:00;2026-05-30 20:00;2026-05-31 18:00;Pompeia;;Pago;https://www.sescsp.org.br/programacao/karnak-8;https://www.sescsp.org.br/wp-content/uploads/2026/04/Captura-de-tela-2026-04-30-173348.png
Whitemary (ITA);2026-05-30 21:00;2026-05-30 21:00;2026-05-30 21:00;Pompeia;;Pago;https://www.sescsp.org.br/programacao/whitemary-ita;https://www.sescsp.org.br/wp-content/uploads/2026/05/WM1-©-Fabrizio-Narcisi.jpg
Visitas Patrimoniais do Sesc Pompéia;2026-05-31 16:00;2026-03-26 15:00;2026-05-31 16:00;Pompeia;Artes Visuais;Gratuito;https://www.sescsp.org.br/programacao/visitas-patrimoniais-do-sesc-pompeia-3;https://www.sescsp.org.br/wp-content/uploads/2026/03/Scan-16.jpg
Fotografia sem Câmera: Fotogramas, Watergram, Quimigramas e Lumen Prints;2026-06-02 12:30;2026-03-24 09:30;2026-06-30 12:30;Pompeia;Tecnologias e Artes, curso;Gratuito;https://www.sescsp.org.br/programacao/fotografia-sem-camera-fotogramas-watergram-quimigramas-e-lumen-prints;https://www.sescsp.org.br/wp-content/uploads/2026/02/fotograma_2025-10-21-18-00-03.png
Técnicas de pintura com tinta acrílica;2026-06-02 17:30;2026-05-05 14:30;2026-06-30 17:30;Pompeia;Tecnologias e Artes, curso;Gratuito;https://www.sescsp.org.br/programacao/tecnicas-de-pintura-com-tinta-acrilica-2;https://www.sescsp.org.br/wp-content/uploads/2026/04/DSC_0003_2025-11-13-16-55-37.jpg
"Lançamento do livro ""Outros Navios: Eustáquio Neves""";2026-06-02 21:00;2026-06-02 19:00;2026-06-02 21:00;Pompeia;;Gratuito;https://www.sescsp.org.br/programacao/lancamento-do-livro-outros-navios-eustaquio-neves;https://www.sescsp.org.br/wp-content/uploads/2026/05/Clube-de-Leitura-–-A-Racializacao-no-Diva.png
A poética do papelão: escultura e ressignificação;2026-06-02 22:00;2026-05-05 19:00;2026-06-30 22:00;Pompeia;Tecnologias e Artes, curso;Gratuito;https://www.sescsp.org.br/programacao/a-poetica-do-papelao-escultura-e-ressignificacao;https://www.sescsp.org.br/wp-content/uploads/2026/04/Captura-de-tela-2026-04-14-180128.png
Projetos em Tecelagem;2026-06-02 22:00;2026-03-24 19:00;2026-06-30 22:00;Pompeia;Tecnologias e Artes, curso;Gratuito;https://www.sescsp.org.br/programacao/projetos-em-tecelagem;https://www.sescsp.org.br/wp-content/uploads/2025/04/Oficina-Textil_ThiagoLima-03.jpg
Cerâmica Orgânica - Introdução;2026-06-03 12:30;2026-03-25 09:30;2026-07-01 12:30;Pompeia;Tecnologias e Artes, curso;Gratuito;https://www.sescsp.org.br/programacao/ceramica-organica-introducao;https://www.sescsp.org.br/wp-content/uploads/2026/02/IMG_8902_2023_01_19_17_27_38_2025-10-22-12-26-24.jpg
Técnica Fusing - Aprendendo a Trabalhar com Vidro;2026-06-03 17:30;2026-03-25 14:30;2026-07-01 17:30;Pompeia;Tecnologias e Artes, curso;Gratuito;https://www.sescsp.org.br/programacao/tecnica-fusing-aprendendo-a-trabalhar-com-vidro-2;https://www.sescsp.org.br/wp-content/uploads/2024/07/modelagem-figura-humana-2.png
Riscadura de Fogo;2026-06-05 18:00;2026-03-19 10:00;2026-08-02 21:00;Pompeia;Artes Visuais, exposição;Gratuito;https://www.sescsp.org.br/programacao/riscadura-de-fogo;https://www.sescsp.org.br/wp-content/uploads/2026/02/Testeira-para-portal.jpg
Mascotinhos - costurando criaturas de bolso;2026-06-07 17:00;2026-05-10 15:00;2026-06-07 17:00;Pompeia;Tecnologias e Artes, oficina;Gratuito;https://www.sescsp.org.br/programacao/mascotinhos-costurando-criaturas-de-bolso;https://www.sescsp.org.br/wp-content/uploads/2026/04/05.TEXTIL-E-COSTURA_opcao1-1.jpg
Esporte Criança | 6 a 10 anos;2026-06-09 11:00;2026-02-03 09:00;2026-06-30 11:00;Pompeia;Esporte e Atividade Física;Gratuito;https://www.sescsp.org.br/programacao/esporte-crianca-6-a-10-anos-terca-09h-quinta-09h;https://www.sescsp.org.br/wp-content/uploads/2025/02/CAMPINAS_Esporte_Esporte_Crianca_3_a_6_foto_Natt_Fejfar_9_scaled_e1734717661437_664x332_2025-02-12-17-35-56.jpg
Litografia de cozinha;2026-06-09 17:30;2026-05-05 14:30;2026-06-30 17:30;Pompeia;Tecnologias e Artes, curso;Gratuito;https://www.sescsp.org.br/programacao/litografia-de-cozinha;https://www.sescsp.org.br/wp-content/uploads/2026/04/Foto_3_lito_de_Cozinha_2025-11-19-21-21-09.jpg
KapûLAB¹ - Introdução à Vídeoarte;2026-06-09 21:30;2026-05-12 19:00;2026-06-09 21:30;Pompeia;Tecnologias e Artes, curso;Gratuito;https://www.sescsp.org.br/programacao/kapulab%c2%b9-introducao-a-videoarte;https://www.sescsp.org.br/wp-content/uploads/2026/04/KAPULAB_introavideo_semletra_2026-04-24-17-21-0-1.png
Cerâmica e Ancestralidade;2026-06-09 22:00;2026-03-24 19:00;2026-06-30 22:00;Pompeia;Tecnologias e Artes, curso;Gratuito;https://www.sescsp.org.br/programacao/ceramica-e-ancestralidade-4;https://www.sescsp.org.br/wp-content/uploads/2026/02/creditos_Nti_Uira_2025-11-28-20-35-26.jpg
Técnicas Tradicionais de Marcenaria;2026-06-10 22:00;2026-03-25 19:00;2026-07-01 22:00;Pompeia;Tecnologias e Artes, curso;Gratuito;https://www.sescsp.org.br/programacao/tecnicas-tradicionais-de-marcenaria;https://www.sescsp.org.br/wp-content/uploads/2024/07/marcenaria.png
Criação e Costura Autoral com Moletom;2026-06-10 22:00;2026-03-25 19:00;2026-07-01 22:00;Pompeia;Tecnologias e Artes, curso;Gratuito;https://www.sescsp.org.br/programacao/criacao-e-costura-autoral-com-moletom;https://www.sescsp.org.br/wp-content/uploads/2024/12/8U3A3549.jpg
Marcenaria e técnicas mistas;2026-06-11 17:30;2026-05-07 14:30;2026-07-02 17:30;Pompeia;Tecnologias e Artes, curso;Gratuito;https://www.sescsp.org.br/programacao/marcenaria-e-tecnicas-mistas;https://www.sescsp.org.br/wp-content/uploads/2024/07/marcenaria.png
Kala - Tambores Bantu;2026-06-11 19:00;2026-06-11 18:00;2026-06-13 19:00;Pompeia;;Gratuito;https://www.sescsp.org.br/programacao/kala-tambores-bantu;https://www.sescsp.org.br/wp-content/uploads/2026/05/Kala___Tambores_Bantu_3___Creditos_Eu_Ago_1_2026-04-22-19-06-55.jpg
Condicionamento Físico Aquático;2026-06-12 00:00;2026-02-07 07:30;2026-12-31 00:00;Pompeia;cursos;Gratuito;https://www.sescsp.org.br/programacao/condicionamento-fisico-aquatico-26;https://www.sescsp.org.br/wp-content/uploads/2025/04/piscina-praticas-664x332-1.png
Arquiteturas Imaginadas;2026-06-13 18:00;2026-06-13 14:00;2026-06-21 18:00;Pompeia;;Gratuito;https://www.sescsp.org.br/programacao/arquiteturas-imaginadas;https://www.sescsp.org.br/wp-content/uploads/2026/05/FOTO-1.jpeg
Visita mediada à exposição Riscadura de Fogo;2026-06-14 15:30;2026-04-18 14:30;2026-08-02 15:30;Pompeia;Artes Visuais, para todos os públicos;Gratuito;https://www.sescsp.org.br/programacao/visita-mediada-a-exposicao-riscadura-de-fogo;https://www.sescsp.org.br/wp-content/uploads/2026/04/Sesc-Pompeia_20260317_Abertura-Riscadura-de-Fogo_FT-Rubens-Tamashiro-16.jpg
Domínio da Máquina e Técnicas de Costura Para Iniciantes;2026-06-16 12:30;2026-03-24 09:30;2026-06-30 12:30;Pompeia;Tecnologias e Artes, curso;Gratuito;https://www.sescsp.org.br/programacao/dominio-da-maquina-e-tecnicas-de-costura-para-iniciantes;https://www.sescsp.org.br/wp-content/uploads/2024/06/costura-2.png
Profissão Letrista: Como Viver de Letras;2026-06-17 12:30;2026-05-06 09:30;2026-06-24 12:30;Pompeia;;Gratuito;https://www.sescsp.org.br/programacao/profissao-letrista-como-viver-de-letras;https://www.sescsp.org.br/wp-content/uploads/2026/04/IMG_5068.jpg
Laboratório Soninkra: Desenhar palavras, fabular símbolos na afrodiáspora;2026-06-17 22:00;2026-05-06 19:00;2026-06-24 22:00;Pompeia;Tecnologias e Artes, curso;Gratuito;https://www.sescsp.org.br/programacao/laboratorio-soninkra-desenhar-palavras-fabular-simbolos-na-afrodiaspora;https://www.sescsp.org.br/wp-content/uploads/2026/04/Design-sem-nome-4.jpg
Faça sua Mochila - Costura para Iniciantes;2026-06-18 22:00;2026-03-26 19:00;2026-07-02 22:00;Pompeia;Tecnologias e Artes, curso;Gratuito;https://www.sescsp.org.br/programacao/faca-sua-mochila-costura-para-iniciantes;https://www.sescsp.org.br/wp-content/uploads/2024/12/8U3A3549.jpg
Desenho Para Tatuagem: a Arte Antes da Agulha;2026-06-20 13:30;2026-03-28 10:30;2026-07-04 13:30;Pompeia;Tecnologias e Artes, curso;Gratuito;https://www.sescsp.org.br/programacao/desenho-para-tatuagem-a-arte-antes-da-agulha;https://www.sescsp.org.br/wp-content/uploads/2024/12/8U3A3119.jpg
Aquarela: Poética da Cor Fluida;2026-06-23 22:00;2026-03-24 19:00;2026-06-30 22:00;Pompeia;Tecnologias e Artes, curso;Gratuito;https://www.sescsp.org.br/programacao/aquarela-poetica-da-cor-fluida;https://www.sescsp.org.br/wp-content/uploads/2026/02/inmyhead_2025_2025-10-17-21-38-31-1.png
Fotografia Alternativa: Cianotipia, Van Dyke e Papel Salgado - Introdução;2026-06-25 22:00;2026-03-26 19:00;2026-07-02 22:00;Pompeia;Tecnologias e Artes, curso;Gratuito;https://www.sescsp.org.br/programacao/fotografia-alternativa-cianotipia-van-dyke-e-papel-salgado-introducao-2;https://www.sescsp.org.br/wp-content/uploads/2024/12/cianomateriais_2024-10-09-13-36-48.jpg
Panelas e potes de barro: um encontro afetivo com praticas tradicionais.;2026-06-30 17:30;2026-05-05 14:30;2026-06-30 17:30;Pompeia;Tecnologias e Artes, curso;Gratuito;https://www.sescsp.org.br/programacao/panelas-e-potes-de-barro-um-encontro-afetivo-com-praticas-tradicionais;https://www.sescsp.org.br/wp-content/uploads/2026/04/bia2_2025-10-21-20-35-27.jpg
Fotografia Analógica PB - Avançado;2026-06-30 22:00;2026-03-24 19:00;2026-06-30 22:00;Pompeia;Tecnologias e Artes, curso;Gratuito;https://www.sescsp.org.br/programacao/fotografia-analogica-pb-avancado-3;https://www.sescsp.org.br/wp-content/uploads/2024/07/revelacao-pb.png
Primeiras Experiências em Fotografia Fotoquímica PB;2026-07-02 12:30;2026-05-07 09:30;2026-07-02 12:30;Pompeia;Tecnologias e Artes, curso;Gratuito;https://www.sescsp.org.br/programacao/primeiras-experiencias-em-fotografia-fotoquimica-pb;https://www.sescsp.org.br/wp-content/uploads/2025/03/8U3A3779-1536x1024-1.jpg
Diálogos Gráficos: Imagem Impressa Entre Luz e Desenho;2026-07-04 13:30;2026-03-28 10:30;2026-07-04 13:30;Pompeia;Tecnologias e Artes, curso;Gratuito;https://www.sescsp.org.br/programacao/dialogos-graficos-imagem-impressa-entre-luz-e-desenho-2;https://www.sescsp.org.br/wp-content/uploads/2026/02/dialogos_2025-11-28-18-07-29.jpg
Ofício: Luz: Lita Cerqueira: Direito de Olhar;2026-08-29 18:00;2026-04-22 10:00;2026-09-13 18:00;Pompeia;Artes Visuais, exposição;Gratuito;https://www.sescsp.org.br/programacao/oficio-luz-lita-cerqueira-direito-de-olhar;https://www.sescsp.org.br/wp-content/uploads/2026/04/Lita_testeira-portal.jpg
Ginástica Multifuncional;2026-10-09 21:20;2026-02-03 07:30;2026-12-27 21:20;Pompeia;Esporte e Atividade Física, ginástica multifuncional;Gratuito;https://www.sescsp.org.br/programacao/ginastica-multifuncional-28;https://www.sescsp.org.br/wp-content/uploads/2026/02/05.07.22-Fotos-Final-de-Semana.-Camila-Macedo-30.jpg
Esporte Adulto - Clube do Futebol Soçaite - A partir de 16 anos;2026-10-22 08:50;2026-02-03 07:30;2026-12-31 08:50;Pompeia;Esporte e Atividade Física, cursos;Gratuito;https://www.sescsp.org.br/programacao/esporte-adulto-clube-do-futebol-socaite-a-partir-de-16-anos-2;https://www.sescsp.org.br/wp-content/uploads/2026/02/16.07_ErikaMayumi_alta_-85-1.jpg
Esporte Criança | 3 a 6 anos;2026-12-03 18:20;2026-02-03 17:30;2026-12-03 18:20;Pompeia;Esporte e Atividade Física, esporte criança (3 a 6);Pago;https://www.sescsp.org.br/programacao/esporte-crianca-3-a-6-anos-18;https://www.sescsp.org.br/wp-content/uploads/2025/12/IMG_6832.jpg
Práticas Aquáticas - a partir de 12 anos;2026-12-23 08:20;2026-02-03 08:30;2026-12-31 21:20;Pompeia;cursos;Gratuito;https://www.sescsp.org.br/programacao/praticas-aquaticas-a-partir-de-12-anos-8;https://www.sescsp.org.br/wp-content/uploads/2025/04/Design-sem-nome-39-664x332-1.png
Esporte Adulto | Clube do Voleibol - A partir de 16 anos;2026-12-24 19:50;2026-02-03 18:30;2026-12-31 19:50;Pompeia;Esporte e Atividade Física, cursos;Gratuito;https://www.sescsp.org.br/programacao/esporte-adulto-clube-do-voleibol-terca-18h30-quinta-18h30-a-partir-de-16-anos;https://www.sescsp.org.br/wp-content/uploads/2024/07/03.19.23-Espotivo-e-Volei-Feminino-Fotos-Alexandre-Leopoldino-8-1536x1024-1.jpg
